# round 25, 2026-10-10. Tree: the final round-25 package, frozen copy identical to the work tree (diff -rq).

## scale
$ python -B .../probe_scale.py
2026-10-10 00:19:13.799806: W scikitplot 140164961955968 __init__.py:93:<module>] ⚠︎ BOOM! :: Error importing scikitplot: you cannot import scikitplot while being in scikitplot source directory; please exit the scikitplot source tree first and relaunch your Python interpreter.
==============================================================================
1. Large CSV: chunked by the document limit vs one pass with it raised
==============================================================================
 30000 rows,  1474396 chars,   2 pieces      PASS 3.22s
 60000 rows,  2971086 chars,   3 pieces      PASS 7.02s
120000 rows,  6004486 chars,   7 pieces      PASS 16.05s
120k/30k time ratio is linear (< 8, ideal 4) PASS 4.98

==============================================================================
2. Random cut sizes: pieces equal one pass (CSV and JSON Lines)
==============================================================================
300 random documents and cut sizes           PASS 0 differ

==============================================================================
3. Log scrubbing with many live holders (CP-065)
==============================================================================
2026-10-10 00:20:03.743056: W scikitplot.cleanprompt._scale 140164961955968 probe_scale.py:124:<module>] record about <redacted>
2026-10-10 00:20:03.743293: W scikitplot.cleanprompt._scale 140164961955968 probe_scale.py:124:<module>] record about <redacted>
2026-10-10 00:20:03.743375: W scikitplot.cleanprompt._scale 140164961955968 probe_scale.py:124:<module>] record about <redacted>
2026-10-10 00:20:03.743440: W scikitplot.cleanprompt._scale 140164961955968 probe_scale.py:124:<module>] record about <redacted>
2026-10-10 00:20:03.743500: W scikitplot.cleanprompt._scale 140164961955968 probe_scale.py:124:<module>] record about <redacted>
2026-10-10 00:20:03.743555: W scikitplot.cleanprompt._scale 140164961955968 probe_scale.py:124:<module>] record about <redacted>
2026-10-10 00:20:03.743609: W scikitplot.cleanprompt._scale 140164961955968 probe_scale.py:124:<module>] record about <redacted>
2026-10-10 00:20:03.743784: W scikitplot.cleanprompt._scale 140164961955968 probe_scale.py:124:<module>] record about <redacted>
2026-10-10 00:20:03.743842: W scikitplot.cleanprompt._scale 140164961955968 probe_scale.py:124:<module>] record about <redacted>
2026-10-10 00:20:03.743894: W scikitplot.cleanprompt._scale 140164961955968 probe_scale.py:124:<module>] record about <redacted>
2026-10-10 00:20:03.743954: W scikitplot.cleanprompt._scale 140164961955968 probe_scale.py:124:<module>] record about <redacted>
2026-10-10 00:20:03.744005: W scikitplot.cleanprompt._scale 140164961955968 probe_scale.py:124:<module>] record about <redacted>
2026-10-10 00:20:03.744054: W scikitplot.cleanprompt._scale 140164961955968 probe_scale.py:124:<module>] record about <redacted>
2026-10-10 00:20:03.744103: W scikitplot.cleanprompt._scale 140164961955968 probe_scale.py:124:<module>] record about <redacted>
2026-10-10 00:20:03.744153: W scikitplot.cleanprompt._scale 140164961955968 probe_scale.py:124:<module>] record about <redacted>
2026-10-10 00:20:03.744200: W scikitplot.cleanprompt._scale 140164961955968 probe_scale.py:124:<module>] record about <redacted>
2026-10-10 00:20:03.744248: W scikitplot.cleanprompt._scale 140164961955968 probe_scale.py:124:<module>] record about <redacted>
2026-10-10 00:20:03.744295: W scikitplot.cleanprompt._scale 140164961955968 probe_scale.py:124:<module>] record about <redacted>
2026-10-10 00:20:03.744343: W scikitplot.cleanprompt._scale 140164961955968 probe_scale.py:124:<module>] record about <redacted>
2026-10-10 00:20:03.744390: W scikitplot.cleanprompt._scale 140164961955968 probe_scale.py:124:<module>] record about <redacted>
2026-10-10 00:20:03.744438: W scikitplot.cleanprompt._scale 140164961955968 probe_scale.py:124:<module>] record about <redacted>
2026-10-10 00:20:03.744485: W scikitplot.cleanprompt._scale 140164961955968 probe_scale.py:124:<module>] record about <redacted>
2026-10-10 00:20:03.744531: W scikitplot.cleanprompt._scale 140164961955968 probe_scale.py:124:<module>] record about <redacted>
2026-10-10 00:20:03.744587: W scikitplot.cleanprompt._scale 140164961955968 probe_scale.py:124:<module>] record about <redacted>
2026-10-10 00:20:03.744676: W scikitplot.cleanprompt._scale 140164961955968 probe_scale.py:124:<module>] record about <redacted>
2026-10-10 00:20:03.744734: W scikitplot.cleanprompt._scale 140164961955968 probe_scale.py:124:<module>] record about <redacted>
2026-10-10 00:20:03.744781: W scikitplot.cleanprompt._scale 140164961955968 probe_scale.py:124:<module>] record about <redacted>
2026-10-10 00:20:03.744829: W scikitplot.cleanprompt._scale 140164961955968 probe_scale.py:124:<module>] record about <redacted>
2026-10-10 00:20:03.744876: W scikitplot.cleanprompt._scale 140164961955968 probe_scale.py:124:<module>] record about <redacted>
2026-10-10 00:20:03.744929: W scikitplot.cleanprompt._scale 140164961955968 probe_scale.py:124:<module>] record about <redacted>
2026-10-10 00:20:03.744974: W scikitplot.cleanprompt._scale 140164961955968 probe_scale.py:124:<module>] record about <redacted>
2026-10-10 00:20:03.745019: W scikitplot.cleanprompt._scale 140164961955968 probe_scale.py:124:<module>] record about <redacted>
2026-10-10 00:20:03.745065: W scikitplot.cleanprompt._scale 140164961955968 probe_scale.py:124:<module>] record about <redacted>
2026-10-10 00:20:03.745111: W scikitplot.cleanprompt._scale 140164961955968 probe_scale.py:124:<module>] record about <redacted>
2026-10-10 00:20:03.745156: W scikitplot.cleanprompt._scale 140164961955968 probe_scale.py:124:<module>] record about <redacted>
2026-10-10 00:20:03.745203: W scikitplot.cleanprompt._scale 140164961955968 probe_scale.py:124:<module>] record about <redacted>
2026-10-10 00:20:03.745249: W scikitplot.cleanprompt._scale 140164961955968 probe_scale.py:124:<module>] record about <redacted>
2026-10-10 00:20:03.745294: W scikitplot.cleanprompt._scale 140164961955968 probe_scale.py:124:<module>] record about <redacted>
2026-10-10 00:20:03.745339: W scikitplot.cleanprompt._scale 140164961955968 probe_scale.py:124:<module>] record about <redacted>
2026-10-10 00:20:03.745384: W scikitplot.cleanprompt._scale 140164961955968 probe_scale.py:124:<module>] record about <redacted>
2026-10-10 00:20:03.745429: W scikitplot.cleanprompt._scale 140164961955968 probe_scale.py:124:<module>] record about <redacted>
2026-10-10 00:20:03.745475: W scikitplot.cleanprompt._scale 140164961955968 probe_scale.py:124:<module>] record about <redacted>
2026-10-10 00:20:03.745520: W scikitplot.cleanprompt._scale 140164961955968 probe_scale.py:124:<module>] record about <redacted>
2026-10-10 00:20:03.745566: W scikitplot.cleanprompt._scale 140164961955968 probe_scale.py:124:<module>] record about <redacted>
2026-10-10 00:20:03.745639: W scikitplot.cleanprompt._scale 140164961955968 probe_scale.py:124:<module>] record about <redacted>
2026-10-10 00:20:03.745699: W scikitplot.cleanprompt._scale 140164961955968 probe_scale.py:124:<module>] record about <redacted>
2026-10-10 00:20:03.745746: W scikitplot.cleanprompt._scale 140164961955968 probe_scale.py:124:<module>] record about <redacted>
2026-10-10 00:20:03.745793: W scikitplot.cleanprompt._scale 140164961955968 probe_scale.py:124:<module>] record about <redacted>
2026-10-10 00:20:03.745840: W scikitplot.cleanprompt._scale 140164961955968 probe_scale.py:124:<module>] record about <redacted>
2026-10-10 00:20:03.745886: W scikitplot.cleanprompt._scale 140164961955968 probe_scale.py:124:<module>] record about <redacted>
2026-10-10 00:20:03.745940: W scikitplot.cleanprompt._scale 140164961955968 probe_scale.py:124:<module>] record about <redacted>
2026-10-10 00:20:03.746026: W scikitplot.cleanprompt._scale 140164961955968 probe_scale.py:124:<module>] record about <redacted>
2026-10-10 00:20:03.746081: W scikitplot.cleanprompt._scale 140164961955968 probe_scale.py:124:<module>] record about <redacted>
2026-10-10 00:20:03.746129: W scikitplot.cleanprompt._scale 140164961955968 probe_scale.py:124:<module>] record about <redacted>
2026-10-10 00:20:03.746180: W scikitplot.cleanprompt._scale 140164961955968 probe_scale.py:124:<module>] record about <redacted>
2026-10-10 00:20:03.746233: W scikitplot.cleanprompt._scale 140164961955968 probe_scale.py:124:<module>] record about <redacted>
2026-10-10 00:20:03.746282: W scikitplot.cleanprompt._scale 140164961955968 probe_scale.py:124:<module>] record about <redacted>
2026-10-10 00:20:03.746329: W scikitplot.cleanprompt._scale 140164961955968 probe_scale.py:124:<module>] record about <redacted>
2026-10-10 00:20:03.746375: W scikitplot.cleanprompt._scale 140164961955968 probe_scale.py:124:<module>] record about <redacted>
2026-10-10 00:20:03.746422: W scikitplot.cleanprompt._scale 140164961955968 probe_scale.py:124:<module>] record about <redacted>
2026-10-10 00:20:03.746467: W scikitplot.cleanprompt._scale 140164961955968 probe_scale.py:124:<module>] record about <redacted>
2026-10-10 00:20:03.746513: W scikitplot.cleanprompt._scale 140164961955968 probe_scale.py:124:<module>] record about <redacted>
2026-10-10 00:20:03.746558: W scikitplot.cleanprompt._scale 140164961955968 probe_scale.py:124:<module>] record about <redacted>
2026-10-10 00:20:03.746603: W scikitplot.cleanprompt._scale 140164961955968 probe_scale.py:124:<module>] record about <redacted>
2026-10-10 00:20:03.746971: W scikitplot.cleanprompt._scale 140164961955968 probe_scale.py:124:<module>] record about <redacted>
2026-10-10 00:20:03.747085: W scikitplot.cleanprompt._scale 140164961955968 probe_scale.py:124:<module>] record about <redacted>
2026-10-10 00:20:03.747141: W scikitplot.cleanprompt._scale 140164961955968 probe_scale.py:124:<module>] record about <redacted>
2026-10-10 00:20:03.747189: W scikitplot.cleanprompt._scale 140164961955968 probe_scale.py:124:<module>] record about <redacted>
2026-10-10 00:20:03.747235: W scikitplot.cleanprompt._scale 140164961955968 probe_scale.py:124:<module>] record about <redacted>
2026-10-10 00:20:03.747281: W scikitplot.cleanprompt._scale 140164961955968 probe_scale.py:124:<module>] record about <redacted>
2026-10-10 00:20:03.747327: W scikitplot.cleanprompt._scale 140164961955968 probe_scale.py:124:<module>] record about <redacted>
2026-10-10 00:20:03.747373: W scikitplot.cleanprompt._scale 140164961955968 probe_scale.py:124:<module>] record about <redacted>
2026-10-10 00:20:03.747418: W scikitplot.cleanprompt._scale 140164961955968 probe_scale.py:124:<module>] record about <redacted>
2026-10-10 00:20:03.747465: W scikitplot.cleanprompt._scale 140164961955968 probe_scale.py:124:<module>] record about <redacted>
2026-10-10 00:20:03.747511: W scikitplot.cleanprompt._scale 140164961955968 probe_scale.py:124:<module>] record about <redacted>
2026-10-10 00:20:03.747556: W scikitplot.cleanprompt._scale 140164961955968 probe_scale.py:124:<module>] record about <redacted>
2026-10-10 00:20:03.747601: W scikitplot.cleanprompt._scale 140164961955968 probe_scale.py:124:<module>] record about <redacted>
2026-10-10 00:20:03.747690: W scikitplot.cleanprompt._scale 140164961955968 probe_scale.py:124:<module>] record about <redacted>
2026-10-10 00:20:03.747742: W scikitplot.cleanprompt._scale 140164961955968 probe_scale.py:124:<module>] record about <redacted>
2026-10-10 00:20:03.747788: W scikitplot.cleanprompt._scale 140164961955968 probe_scale.py:124:<module>] record about <redacted>
2026-10-10 00:20:03.747836: W scikitplot.cleanprompt._scale 140164961955968 probe_scale.py:124:<module>] record about <redacted>
2026-10-10 00:20:03.747881: W scikitplot.cleanprompt._scale 140164961955968 probe_scale.py:124:<module>] record about <redacted>
2026-10-10 00:20:03.747939: W scikitplot.cleanprompt._scale 140164961955968 probe_scale.py:124:<module>] record about <redacted>
2026-10-10 00:20:03.747985: W scikitplot.cleanprompt._scale 140164961955968 probe_scale.py:124:<module>] record about <redacted>
2026-10-10 00:20:03.748031: W scikitplot.cleanprompt._scale 140164961955968 probe_scale.py:124:<module>] record about <redacted>
2026-10-10 00:20:03.748077: W scikitplot.cleanprompt._scale 140164961955968 probe_scale.py:124:<module>] record about <redacted>
2026-10-10 00:20:03.748130: W scikitplot.cleanprompt._scale 140164961955968 probe_scale.py:124:<module>] record about <redacted>
2026-10-10 00:20:03.748177: W scikitplot.cleanprompt._scale 140164961955968 probe_scale.py:124:<module>] record about <redacted>
2026-10-10 00:20:03.748224: W scikitplot.cleanprompt._scale 140164961955968 probe_scale.py:124:<module>] record about <redacted>
2026-10-10 00:20:03.748270: W scikitplot.cleanprompt._scale 140164961955968 probe_scale.py:124:<module>] record about <redacted>
2026-10-10 00:20:03.748316: W scikitplot.cleanprompt._scale 140164961955968 probe_scale.py:124:<module>] record about <redacted>
2026-10-10 00:20:03.748361: W scikitplot.cleanprompt._scale 140164961955968 probe_scale.py:124:<module>] record about <redacted>
2026-10-10 00:20:03.748407: W scikitplot.cleanprompt._scale 140164961955968 probe_scale.py:124:<module>] record about <redacted>
2026-10-10 00:20:03.748453: W scikitplot.cleanprompt._scale 140164961955968 probe_scale.py:124:<module>] record about <redacted>
2026-10-10 00:20:03.748498: W scikitplot.cleanprompt._scale 140164961955968 probe_scale.py:124:<module>] record about <redacted>
2026-10-10 00:20:03.748544: W scikitplot.cleanprompt._scale 140164961955968 probe_scale.py:124:<module>] record about <redacted>
2026-10-10 00:20:03.748589: W scikitplot.cleanprompt._scale 140164961955968 probe_scale.py:124:<module>] record about <redacted>
2026-10-10 00:20:03.748673: W scikitplot.cleanprompt._scale 140164961955968 probe_scale.py:124:<module>] record about <redacted>
2026-10-10 00:20:03.748729: W scikitplot.cleanprompt._scale 140164961955968 probe_scale.py:124:<module>] record about <redacted>
2026-10-10 00:20:03.748775: W scikitplot.cleanprompt._scale 140164961955968 probe_scale.py:124:<module>] record about <redacted>
2026-10-10 00:20:03.748822: W scikitplot.cleanprompt._scale 140164961955968 probe_scale.py:124:<module>] record about <redacted>
2026-10-10 00:20:03.748868: W scikitplot.cleanprompt._scale 140164961955968 probe_scale.py:124:<module>] record about <redacted>
2026-10-10 00:20:03.748921: W scikitplot.cleanprompt._scale 140164961955968 probe_scale.py:124:<module>] record about <redacted>
2026-10-10 00:20:03.748971: W scikitplot.cleanprompt._scale 140164961955968 probe_scale.py:124:<module>] record about <redacted>
2026-10-10 00:20:03.749016: W scikitplot.cleanprompt._scale 140164961955968 probe_scale.py:124:<module>] record about <redacted>
2026-10-10 00:20:03.749062: W scikitplot.cleanprompt._scale 140164961955968 probe_scale.py:124:<module>] record about <redacted>
2026-10-10 00:20:03.749113: W scikitplot.cleanprompt._scale 140164961955968 probe_scale.py:124:<module>] record about <redacted>
2026-10-10 00:20:03.749161: W scikitplot.cleanprompt._scale 140164961955968 probe_scale.py:124:<module>] record about <redacted>
2026-10-10 00:20:03.749209: W scikitplot.cleanprompt._scale 140164961955968 probe_scale.py:124:<module>] record about <redacted>
2026-10-10 00:20:03.749254: W scikitplot.cleanprompt._scale 140164961955968 probe_scale.py:124:<module>] record about <redacted>
2026-10-10 00:20:03.749300: W scikitplot.cleanprompt._scale 140164961955968 probe_scale.py:124:<module>] record about <redacted>
2026-10-10 00:20:03.749345: W scikitplot.cleanprompt._scale 140164961955968 probe_scale.py:124:<module>] record about <redacted>
2026-10-10 00:20:03.749392: W scikitplot.cleanprompt._scale 140164961955968 probe_scale.py:124:<module>] record about <redacted>
2026-10-10 00:20:03.749437: W scikitplot.cleanprompt._scale 140164961955968 probe_scale.py:124:<module>] record about <redacted>
2026-10-10 00:20:03.749484: W scikitplot.cleanprompt._scale 140164961955968 probe_scale.py:124:<module>] record about <redacted>
2026-10-10 00:20:03.749529: W scikitplot.cleanprompt._scale 140164961955968 probe_scale.py:124:<module>] record about <redacted>
2026-10-10 00:20:03.749574: W scikitplot.cleanprompt._scale 140164961955968 probe_scale.py:124:<module>] record about <redacted>
2026-10-10 00:20:03.749652: W scikitplot.cleanprompt._scale 140164961955968 probe_scale.py:124:<module>] record about <redacted>
2026-10-10 00:20:03.749718: W scikitplot.cleanprompt._scale 140164961955968 probe_scale.py:124:<module>] record about <redacted>
2026-10-10 00:20:03.749768: W scikitplot.cleanprompt._scale 140164961955968 probe_scale.py:124:<module>] record about <redacted>
2026-10-10 00:20:03.749816: W scikitplot.cleanprompt._scale 140164961955968 probe_scale.py:124:<module>] record about <redacted>
2026-10-10 00:20:03.749862: W scikitplot.cleanprompt._scale 140164961955968 probe_scale.py:124:<module>] record about <redacted>
2026-10-10 00:20:03.749914: W scikitplot.cleanprompt._scale 140164961955968 probe_scale.py:124:<module>] record about <redacted>
2026-10-10 00:20:03.749962: W scikitplot.cleanprompt._scale 140164961955968 probe_scale.py:124:<module>] record about <redacted>
2026-10-10 00:20:03.750007: W scikitplot.cleanprompt._scale 140164961955968 probe_scale.py:124:<module>] record about <redacted>
2026-10-10 00:20:03.750053: W scikitplot.cleanprompt._scale 140164961955968 probe_scale.py:124:<module>] record about <redacted>
2026-10-10 00:20:03.750099: W scikitplot.cleanprompt._scale 140164961955968 probe_scale.py:124:<module>] record about <redacted>
2026-10-10 00:20:03.750145: W scikitplot.cleanprompt._scale 140164961955968 probe_scale.py:124:<module>] record about <redacted>
2026-10-10 00:20:03.750191: W scikitplot.cleanprompt._scale 140164961955968 probe_scale.py:124:<module>] record about <redacted>
2026-10-10 00:20:03.750236: W scikitplot.cleanprompt._scale 140164961955968 probe_scale.py:124:<module>] record about <redacted>
2026-10-10 00:20:03.750281: W scikitplot.cleanprompt._scale 140164961955968 probe_scale.py:124:<module>] record about <redacted>
2026-10-10 00:20:03.750326: W scikitplot.cleanprompt._scale 140164961955968 probe_scale.py:124:<module>] record about <redacted>
2026-10-10 00:20:03.750372: W scikitplot.cleanprompt._scale 140164961955968 probe_scale.py:124:<module>] record about <redacted>
2026-10-10 00:20:03.750420: W scikitplot.cleanprompt._scale 140164961955968 probe_scale.py:124:<module>] record about <redacted>
2026-10-10 00:20:03.750466: W scikitplot.cleanprompt._scale 140164961955968 probe_scale.py:124:<module>] record about <redacted>
2026-10-10 00:20:03.750512: W scikitplot.cleanprompt._scale 140164961955968 probe_scale.py:124:<module>] record about <redacted>
2026-10-10 00:20:03.750558: W scikitplot.cleanprompt._scale 140164961955968 probe_scale.py:124:<module>] record about <redacted>
2026-10-10 00:20:03.750604: W scikitplot.cleanprompt._scale 140164961955968 probe_scale.py:124:<module>] record about <redacted>
2026-10-10 00:20:03.750748: W scikitplot.cleanprompt._scale 140164961955968 probe_scale.py:124:<module>] record about <redacted>
2026-10-10 00:20:03.750812: W scikitplot.cleanprompt._scale 140164961955968 probe_scale.py:124:<module>] record about <redacted>
2026-10-10 00:20:03.750860: W scikitplot.cleanprompt._scale 140164961955968 probe_scale.py:124:<module>] record about <redacted>
2026-10-10 00:20:03.750912: W scikitplot.cleanprompt._scale 140164961955968 probe_scale.py:124:<module>] record about <redacted>
2026-10-10 00:20:03.750960: W scikitplot.cleanprompt._scale 140164961955968 probe_scale.py:124:<module>] record about <redacted>
2026-10-10 00:20:03.751009: W scikitplot.cleanprompt._scale 140164961955968 probe_scale.py:124:<module>] record about <redacted>
2026-10-10 00:20:03.751056: W scikitplot.cleanprompt._scale 140164961955968 probe_scale.py:124:<module>] record about <redacted>
2026-10-10 00:20:03.751102: W scikitplot.cleanprompt._scale 140164961955968 probe_scale.py:124:<module>] record about <redacted>
2026-10-10 00:20:03.751149: W scikitplot.cleanprompt._scale 140164961955968 probe_scale.py:124:<module>] record about <redacted>
2026-10-10 00:20:03.751196: W scikitplot.cleanprompt._scale 140164961955968 probe_scale.py:124:<module>] record about <redacted>
2026-10-10 00:20:03.751243: W scikitplot.cleanprompt._scale 140164961955968 probe_scale.py:124:<module>] record about <redacted>
2026-10-10 00:20:03.751288: W scikitplot.cleanprompt._scale 140164961955968 probe_scale.py:124:<module>] record about <redacted>
2026-10-10 00:20:03.751341: W scikitplot.cleanprompt._scale 140164961955968 probe_scale.py:124:<module>] record about <redacted>
2026-10-10 00:20:03.751388: W scikitplot.cleanprompt._scale 140164961955968 probe_scale.py:124:<module>] record about <redacted>
2026-10-10 00:20:03.751435: W scikitplot.cleanprompt._scale 140164961955968 probe_scale.py:124:<module>] record about <redacted>
2026-10-10 00:20:03.751482: W scikitplot.cleanprompt._scale 140164961955968 probe_scale.py:124:<module>] record about <redacted>
2026-10-10 00:20:03.751527: W scikitplot.cleanprompt._scale 140164961955968 probe_scale.py:124:<module>] record about <redacted>
2026-10-10 00:20:03.751572: W scikitplot.cleanprompt._scale 140164961955968 probe_scale.py:124:<module>] record about <redacted>
2026-10-10 00:20:03.751651: W scikitplot.cleanprompt._scale 140164961955968 probe_scale.py:124:<module>] record about <redacted>
2026-10-10 00:20:03.751711: W scikitplot.cleanprompt._scale 140164961955968 probe_scale.py:124:<module>] record about <redacted>
2026-10-10 00:20:03.751760: W scikitplot.cleanprompt._scale 140164961955968 probe_scale.py:124:<module>] record about <redacted>
2026-10-10 00:20:03.751810: W scikitplot.cleanprompt._scale 140164961955968 probe_scale.py:124:<module>] record about <redacted>
2026-10-10 00:20:03.751856: W scikitplot.cleanprompt._scale 140164961955968 probe_scale.py:124:<module>] record about <redacted>
2026-10-10 00:20:03.751908: W scikitplot.cleanprompt._scale 140164961955968 probe_scale.py:124:<module>] record about <redacted>
2026-10-10 00:20:03.751957: W scikitplot.cleanprompt._scale 140164961955968 probe_scale.py:124:<module>] record about <redacted>
2026-10-10 00:20:03.752005: W scikitplot.cleanprompt._scale 140164961955968 probe_scale.py:124:<module>] record about <redacted>
2026-10-10 00:20:03.752052: W scikitplot.cleanprompt._scale 140164961955968 probe_scale.py:124:<module>] record about <redacted>
2026-10-10 00:20:03.752097: W scikitplot.cleanprompt._scale 140164961955968 probe_scale.py:124:<module>] record about <redacted>
2026-10-10 00:20:03.752144: W scikitplot.cleanprompt._scale 140164961955968 probe_scale.py:124:<module>] record about <redacted>
2026-10-10 00:20:03.752190: W scikitplot.cleanprompt._scale 140164961955968 probe_scale.py:124:<module>] record about <redacted>
2026-10-10 00:20:03.752237: W scikitplot.cleanprompt._scale 140164961955968 probe_scale.py:124:<module>] record about <redacted>
2026-10-10 00:20:03.752282: W scikitplot.cleanprompt._scale 140164961955968 probe_scale.py:124:<module>] record about <redacted>
2026-10-10 00:20:03.752327: W scikitplot.cleanprompt._scale 140164961955968 probe_scale.py:124:<module>] record about <redacted>
2026-10-10 00:20:03.752373: W scikitplot.cleanprompt._scale 140164961955968 probe_scale.py:124:<module>] record about <redacted>
2026-10-10 00:20:03.752419: W scikitplot.cleanprompt._scale 140164961955968 probe_scale.py:124:<module>] record about <redacted>
2026-10-10 00:20:03.752464: W scikitplot.cleanprompt._scale 140164961955968 probe_scale.py:124:<module>] record about <redacted>
2026-10-10 00:20:03.752509: W scikitplot.cleanprompt._scale 140164961955968 probe_scale.py:124:<module>] record about <redacted>
2026-10-10 00:20:03.752555: W scikitplot.cleanprompt._scale 140164961955968 probe_scale.py:124:<module>] record about <redacted>
2026-10-10 00:20:03.752600: W scikitplot.cleanprompt._scale 140164961955968 probe_scale.py:124:<module>] record about <redacted>
2026-10-10 00:20:03.752684: W scikitplot.cleanprompt._scale 140164961955968 probe_scale.py:124:<module>] record about <redacted>
2026-10-10 00:20:03.752734: W scikitplot.cleanprompt._scale 140164961955968 probe_scale.py:124:<module>] record about <redacted>
2026-10-10 00:20:03.752781: W scikitplot.cleanprompt._scale 140164961955968 probe_scale.py:124:<module>] record about <redacted>
2026-10-10 00:20:03.752826: W scikitplot.cleanprompt._scale 140164961955968 probe_scale.py:124:<module>] record about <redacted>
2026-10-10 00:20:03.752872: W scikitplot.cleanprompt._scale 140164961955968 probe_scale.py:124:<module>] record about <redacted>
2026-10-10 00:20:03.752931: W scikitplot.cleanprompt._scale 140164961955968 probe_scale.py:124:<module>] record about <redacted>
2026-10-10 00:20:03.752979: W scikitplot.cleanprompt._scale 140164961955968 probe_scale.py:124:<module>] record about <redacted>
2026-10-10 00:20:03.753030: W scikitplot.cleanprompt._scale 140164961955968 probe_scale.py:124:<module>] record about <redacted>
2026-10-10 00:20:03.753078: W scikitplot.cleanprompt._scale 140164961955968 probe_scale.py:124:<module>] record about <redacted>
2026-10-10 00:20:03.753124: W scikitplot.cleanprompt._scale 140164961955968 probe_scale.py:124:<module>] record about <redacted>
2026-10-10 00:20:03.753169: W scikitplot.cleanprompt._scale 140164961955968 probe_scale.py:124:<module>] record about <redacted>
2026-10-10 00:20:03.753214: W scikitplot.cleanprompt._scale 140164961955968 probe_scale.py:124:<module>] record about <redacted>
2026-10-10 00:20:03.753261: W scikitplot.cleanprompt._scale 140164961955968 probe_scale.py:124:<module>] record about <redacted>
2026-10-10 00:20:03.753306: W scikitplot.cleanprompt._scale 140164961955968 probe_scale.py:124:<module>] record about <redacted>
2026-10-10 00:20:03.753352: W scikitplot.cleanprompt._scale 140164961955968 probe_scale.py:124:<module>] record about <redacted>
2026-10-10 00:20:03.753398: W scikitplot.cleanprompt._scale 140164961955968 probe_scale.py:124:<module>] record about <redacted>
2026-10-10 00:20:03.753443: W scikitplot.cleanprompt._scale 140164961955968 probe_scale.py:124:<module>] record about <redacted>
2026-10-10 00:20:03.753488: W scikitplot.cleanprompt._scale 140164961955968 probe_scale.py:124:<module>] record about <redacted>
2026-10-10 00:20:03.753534: W scikitplot.cleanprompt._scale 140164961955968 probe_scale.py:124:<module>] record about <redacted>
2026-10-10 00:20:03.753580: W scikitplot.cleanprompt._scale 140164961955968 probe_scale.py:124:<module>] record about <redacted>
2026-10-10 00:20:03.753661: W scikitplot.cleanprompt._scale 140164961955968 probe_scale.py:124:<module>] record about <redacted>
2026-10-10 00:20:03.753715: W scikitplot.cleanprompt._scale 140164961955968 probe_scale.py:124:<module>] record about <redacted>
2026-10-10 00:20:03.753763: W scikitplot.cleanprompt._scale 140164961955968 probe_scale.py:124:<module>] record about <redacted>
2026-10-10 00:20:03.753809: W scikitplot.cleanprompt._scale 140164961955968 probe_scale.py:124:<module>] record about <redacted>
2026-10-10 00:20:03.753856: W scikitplot.cleanprompt._scale 140164961955968 probe_scale.py:124:<module>] record about <redacted>
2026-10-10 00:20:03.753907: W scikitplot.cleanprompt._scale 140164961955968 probe_scale.py:124:<module>] record about <redacted>
2026-10-10 00:20:03.753955: W scikitplot.cleanprompt._scale 140164961955968 probe_scale.py:124:<module>] record about <redacted>
2026-10-10 00:20:03.754000: W scikitplot.cleanprompt._scale 140164961955968 probe_scale.py:124:<module>] record about <redacted>
2026-10-10 00:20:03.754047: W scikitplot.cleanprompt._scale 140164961955968 probe_scale.py:124:<module>] record about <redacted>
2026-10-10 00:20:03.754092: W scikitplot.cleanprompt._scale 140164961955968 probe_scale.py:124:<module>] record about <redacted>
2026-10-10 00:20:03.754137: W scikitplot.cleanprompt._scale 140164961955968 probe_scale.py:124:<module>] record about <redacted>
2026-10-10 00:20:03.754182: W scikitplot.cleanprompt._scale 140164961955968 probe_scale.py:124:<module>] record about <redacted>
2026-10-10 00:20:03.754228: W scikitplot.cleanprompt._scale 140164961955968 probe_scale.py:124:<module>] record about <redacted>
2026-10-10 00:20:03.754272: W scikitplot.cleanprompt._scale 140164961955968 probe_scale.py:124:<module>] record about <redacted>
2026-10-10 00:20:03.754321: W scikitplot.cleanprompt._scale 140164961955968 probe_scale.py:124:<module>] record about <redacted>
2026-10-10 00:20:03.754369: W scikitplot.cleanprompt._scale 140164961955968 probe_scale.py:124:<module>] record about <redacted>
2026-10-10 00:20:03.754421: W scikitplot.cleanprompt._scale 140164961955968 probe_scale.py:124:<module>] record about <redacted>
2026-10-10 00:20:03.754468: W scikitplot.cleanprompt._scale 140164961955968 probe_scale.py:124:<module>] record about <redacted>
2026-10-10 00:20:03.754515: W scikitplot.cleanprompt._scale 140164961955968 probe_scale.py:124:<module>] record about <redacted>
2026-10-10 00:20:03.754560: W scikitplot.cleanprompt._scale 140164961955968 probe_scale.py:124:<module>] record about <redacted>
2026-10-10 00:20:03.754607: W scikitplot.cleanprompt._scale 140164961955968 probe_scale.py:124:<module>] record about <redacted>
2026-10-10 00:20:03.754758: W scikitplot.cleanprompt._scale 140164961955968 probe_scale.py:124:<module>] record about <redacted>
2026-10-10 00:20:03.754817: W scikitplot.cleanprompt._scale 140164961955968 probe_scale.py:124:<module>] record about <redacted>
2026-10-10 00:20:03.754866: W scikitplot.cleanprompt._scale 140164961955968 probe_scale.py:124:<module>] record about <redacted>
2026-10-10 00:20:03.754920: W scikitplot.cleanprompt._scale 140164961955968 probe_scale.py:124:<module>] record about <redacted>
2026-10-10 00:20:03.754967: W scikitplot.cleanprompt._scale 140164961955968 probe_scale.py:124:<module>] record about <redacted>
2026-10-10 00:20:03.755015: W scikitplot.cleanprompt._scale 140164961955968 probe_scale.py:124:<module>] record about <redacted>
2026-10-10 00:20:03.755062: W scikitplot.cleanprompt._scale 140164961955968 probe_scale.py:124:<module>] record about <redacted>
2026-10-10 00:20:03.755108: W scikitplot.cleanprompt._scale 140164961955968 probe_scale.py:124:<module>] record about <redacted>
2026-10-10 00:20:03.755156: W scikitplot.cleanprompt._scale 140164961955968 probe_scale.py:124:<module>] record about <redacted>
2026-10-10 00:20:03.755201: W scikitplot.cleanprompt._scale 140164961955968 probe_scale.py:124:<module>] record about <redacted>
2026-10-10 00:20:03.755248: W scikitplot.cleanprompt._scale 140164961955968 probe_scale.py:124:<module>] record about <redacted>
2026-10-10 00:20:03.755294: W scikitplot.cleanprompt._scale 140164961955968 probe_scale.py:124:<module>] record about <redacted>
2026-10-10 00:20:03.755340: W scikitplot.cleanprompt._scale 140164961955968 probe_scale.py:124:<module>] record about <redacted>
2026-10-10 00:20:03.755387: W scikitplot.cleanprompt._scale 140164961955968 probe_scale.py:124:<module>] record about <redacted>
2026-10-10 00:20:03.755433: W scikitplot.cleanprompt._scale 140164961955968 probe_scale.py:124:<module>] record about <redacted>
2026-10-10 00:20:03.755478: W scikitplot.cleanprompt._scale 140164961955968 probe_scale.py:124:<module>] record about <redacted>
2026-10-10 00:20:03.755526: W scikitplot.cleanprompt._scale 140164961955968 probe_scale.py:124:<module>] record about <redacted>
2026-10-10 00:20:03.755571: W scikitplot.cleanprompt._scale 140164961955968 probe_scale.py:124:<module>] record about <redacted>
2026-10-10 00:20:03.755651: W scikitplot.cleanprompt._scale 140164961955968 probe_scale.py:124:<module>] record about <redacted>
2026-10-10 00:20:03.755710: W scikitplot.cleanprompt._scale 140164961955968 probe_scale.py:124:<module>] record about <redacted>
2026-10-10 00:20:03.755759: W scikitplot.cleanprompt._scale 140164961955968 probe_scale.py:124:<module>] record about <redacted>
2026-10-10 00:20:03.755807: W scikitplot.cleanprompt._scale 140164961955968 probe_scale.py:124:<module>] record about <redacted>
2026-10-10 00:20:03.755854: W scikitplot.cleanprompt._scale 140164961955968 probe_scale.py:124:<module>] record about <redacted>
2026-10-10 00:20:03.755906: W scikitplot.cleanprompt._scale 140164961955968 probe_scale.py:124:<module>] record about <redacted>
2026-10-10 00:20:03.755956: W scikitplot.cleanprompt._scale 140164961955968 probe_scale.py:124:<module>] record about <redacted>
2026-10-10 00:20:03.756002: W scikitplot.cleanprompt._scale 140164961955968 probe_scale.py:124:<module>] record about <redacted>
2026-10-10 00:20:03.756048: W scikitplot.cleanprompt._scale 140164961955968 probe_scale.py:124:<module>] record about <redacted>
2026-10-10 00:20:03.756100: W scikitplot.cleanprompt._scale 140164961955968 probe_scale.py:124:<module>] record about <redacted>
2026-10-10 00:20:03.756148: W scikitplot.cleanprompt._scale 140164961955968 probe_scale.py:124:<module>] record about <redacted>
2026-10-10 00:20:03.756196: W scikitplot.cleanprompt._scale 140164961955968 probe_scale.py:124:<module>] record about <redacted>
2026-10-10 00:20:03.756242: W scikitplot.cleanprompt._scale 140164961955968 probe_scale.py:124:<module>] record about <redacted>
2026-10-10 00:20:03.756288: W scikitplot.cleanprompt._scale 140164961955968 probe_scale.py:124:<module>] record about <redacted>
2026-10-10 00:20:03.756334: W scikitplot.cleanprompt._scale 140164961955968 probe_scale.py:124:<module>] record about <redacted>
2026-10-10 00:20:03.756380: W scikitplot.cleanprompt._scale 140164961955968 probe_scale.py:124:<module>] record about <redacted>
2026-10-10 00:20:03.756427: W scikitplot.cleanprompt._scale 140164961955968 probe_scale.py:124:<module>] record about <redacted>
2026-10-10 00:20:03.756473: W scikitplot.cleanprompt._scale 140164961955968 probe_scale.py:124:<module>] record about <redacted>
2026-10-10 00:20:03.756519: W scikitplot.cleanprompt._scale 140164961955968 probe_scale.py:124:<module>] record about <redacted>
2026-10-10 00:20:03.756564: W scikitplot.cleanprompt._scale 140164961955968 probe_scale.py:124:<module>] record about <redacted>
2026-10-10 00:20:03.756640: W scikitplot.cleanprompt._scale 140164961955968 probe_scale.py:124:<module>] record about <redacted>
2026-10-10 00:20:03.756703: W scikitplot.cleanprompt._scale 140164961955968 probe_scale.py:124:<module>] record about <redacted>
2026-10-10 00:20:03.756753: W scikitplot.cleanprompt._scale 140164961955968 probe_scale.py:124:<module>] record about <redacted>
2026-10-10 00:20:03.756803: W scikitplot.cleanprompt._scale 140164961955968 probe_scale.py:124:<module>] record about <redacted>
2026-10-10 00:20:03.756849: W scikitplot.cleanprompt._scale 140164961955968 probe_scale.py:124:<module>] record about <redacted>
2026-10-10 00:20:03.756896: W scikitplot.cleanprompt._scale 140164961955968 probe_scale.py:124:<module>] record about <redacted>
2026-10-10 00:20:03.756949: W scikitplot.cleanprompt._scale 140164961955968 probe_scale.py:124:<module>] record about <redacted>
2026-10-10 00:20:03.756997: W scikitplot.cleanprompt._scale 140164961955968 probe_scale.py:124:<module>] record about <redacted>
2026-10-10 00:20:03.757045: W scikitplot.cleanprompt._scale 140164961955968 probe_scale.py:124:<module>] record about <redacted>
2026-10-10 00:20:03.757092: W scikitplot.cleanprompt._scale 140164961955968 probe_scale.py:124:<module>] record about <redacted>
2026-10-10 00:20:03.757138: W scikitplot.cleanprompt._scale 140164961955968 probe_scale.py:124:<module>] record about <redacted>
2026-10-10 00:20:03.757185: W scikitplot.cleanprompt._scale 140164961955968 probe_scale.py:124:<module>] record about <redacted>
2026-10-10 00:20:03.757231: W scikitplot.cleanprompt._scale 140164961955968 probe_scale.py:124:<module>] record about <redacted>
2026-10-10 00:20:03.757277: W scikitplot.cleanprompt._scale 140164961955968 probe_scale.py:124:<module>] record about <redacted>
2026-10-10 00:20:03.757323: W scikitplot.cleanprompt._scale 140164961955968 probe_scale.py:124:<module>] record about <redacted>
2026-10-10 00:20:03.757413: W scikitplot.cleanprompt._scale 140164961955968 probe_scale.py:124:<module>] record about <redacted>
2026-10-10 00:20:03.757465: W scikitplot.cleanprompt._scale 140164961955968 probe_scale.py:124:<module>] record about <redacted>
2026-10-10 00:20:03.757511: W scikitplot.cleanprompt._scale 140164961955968 probe_scale.py:124:<module>] record about <redacted>
2026-10-10 00:20:03.757557: W scikitplot.cleanprompt._scale 140164961955968 probe_scale.py:124:<module>] record about <redacted>
2026-10-10 00:20:03.757604: W scikitplot.cleanprompt._scale 140164961955968 probe_scale.py:124:<module>] record about <redacted>
2026-10-10 00:20:03.757691: W scikitplot.cleanprompt._scale 140164961955968 probe_scale.py:124:<module>] record about <redacted>
2026-10-10 00:20:03.757748: W scikitplot.cleanprompt._scale 140164961955968 probe_scale.py:124:<module>] record about <redacted>
2026-10-10 00:20:03.757798: W scikitplot.cleanprompt._scale 140164961955968 probe_scale.py:124:<module>] record about <redacted>
2026-10-10 00:20:03.757846: W scikitplot.cleanprompt._scale 140164961955968 probe_scale.py:124:<module>] record about <redacted>
2026-10-10 00:20:03.757893: W scikitplot.cleanprompt._scale 140164961955968 probe_scale.py:124:<module>] record about <redacted>
2026-10-10 00:20:03.757950: W scikitplot.cleanprompt._scale 140164961955968 probe_scale.py:124:<module>] record about <redacted>
2026-10-10 00:20:03.757997: W scikitplot.cleanprompt._scale 140164961955968 probe_scale.py:124:<module>] record about <redacted>
2026-10-10 00:20:03.758044: W scikitplot.cleanprompt._scale 140164961955968 probe_scale.py:124:<module>] record about <redacted>
2026-10-10 00:20:03.758090: W scikitplot.cleanprompt._scale 140164961955968 probe_scale.py:124:<module>] record about <redacted>
2026-10-10 00:20:03.758136: W scikitplot.cleanprompt._scale 140164961955968 probe_scale.py:124:<module>] record about <redacted>
2026-10-10 00:20:03.758181: W scikitplot.cleanprompt._scale 140164961955968 probe_scale.py:124:<module>] record about <redacted>
2026-10-10 00:20:03.758227: W scikitplot.cleanprompt._scale 140164961955968 probe_scale.py:124:<module>] record about <redacted>
2026-10-10 00:20:03.758275: W scikitplot.cleanprompt._scale 140164961955968 probe_scale.py:124:<module>] record about <redacted>
2026-10-10 00:20:03.758322: W scikitplot.cleanprompt._scale 140164961955968 probe_scale.py:124:<module>] record about <redacted>
2026-10-10 00:20:03.758369: W scikitplot.cleanprompt._scale 140164961955968 probe_scale.py:124:<module>] record about <redacted>
2026-10-10 00:20:03.758418: W scikitplot.cleanprompt._scale 140164961955968 probe_scale.py:124:<module>] record about <redacted>
2026-10-10 00:20:03.758465: W scikitplot.cleanprompt._scale 140164961955968 probe_scale.py:124:<module>] record about <redacted>
2026-10-10 00:20:03.758511: W scikitplot.cleanprompt._scale 140164961955968 probe_scale.py:124:<module>] record about <redacted>
2026-10-10 00:20:03.758559: W scikitplot.cleanprompt._scale 140164961955968 probe_scale.py:124:<module>] record about <redacted>
2026-10-10 00:20:03.758605: W scikitplot.cleanprompt._scale 140164961955968 probe_scale.py:124:<module>] record about <redacted>
2026-10-10 00:20:03.758737: W scikitplot.cleanprompt._scale 140164961955968 probe_scale.py:124:<module>] record about <redacted>
2026-10-10 00:20:03.758799: W scikitplot.cleanprompt._scale 140164961955968 probe_scale.py:124:<module>] record about <redacted>
2026-10-10 00:20:03.758846: W scikitplot.cleanprompt._scale 140164961955968 probe_scale.py:124:<module>] record about <redacted>
2026-10-10 00:20:03.758893: W scikitplot.cleanprompt._scale 140164961955968 probe_scale.py:124:<module>] record about <redacted>
2026-10-10 00:20:03.758947: W scikitplot.cleanprompt._scale 140164961955968 probe_scale.py:124:<module>] record about <redacted>
2026-10-10 00:20:03.758995: W scikitplot.cleanprompt._scale 140164961955968 probe_scale.py:124:<module>] record about <redacted>
2026-10-10 00:20:03.759042: W scikitplot.cleanprompt._scale 140164961955968 probe_scale.py:124:<module>] record about <redacted>
2026-10-10 00:20:03.759090: W scikitplot.cleanprompt._scale 140164961955968 probe_scale.py:124:<module>] record about <redacted>
2026-10-10 00:20:03.759136: W scikitplot.cleanprompt._scale 140164961955968 probe_scale.py:124:<module>] record about <redacted>
2026-10-10 00:20:03.759183: W scikitplot.cleanprompt._scale 140164961955968 probe_scale.py:124:<module>] record about <redacted>
2026-10-10 00:20:03.759229: W scikitplot.cleanprompt._scale 140164961955968 probe_scale.py:124:<module>] record about <redacted>
2026-10-10 00:20:03.759276: W scikitplot.cleanprompt._scale 140164961955968 probe_scale.py:124:<module>] record about <redacted>
2026-10-10 00:20:03.759323: W scikitplot.cleanprompt._scale 140164961955968 probe_scale.py:124:<module>] record about <redacted>
2026-10-10 00:20:03.759376: W scikitplot.cleanprompt._scale 140164961955968 probe_scale.py:124:<module>] record about <redacted>
2026-10-10 00:20:03.759423: W scikitplot.cleanprompt._scale 140164961955968 probe_scale.py:124:<module>] record about <redacted>
2026-10-10 00:20:03.759469: W scikitplot.cleanprompt._scale 140164961955968 probe_scale.py:124:<module>] record about <redacted>
2026-10-10 00:20:03.759514: W scikitplot.cleanprompt._scale 140164961955968 probe_scale.py:124:<module>] record about <redacted>
2026-10-10 00:20:03.759560: W scikitplot.cleanprompt._scale 140164961955968 probe_scale.py:124:<module>] record about <redacted>
2026-10-10 00:20:03.759605: W scikitplot.cleanprompt._scale 140164961955968 probe_scale.py:124:<module>] record about <redacted>
2026-10-10 00:20:03.759695: W scikitplot.cleanprompt._scale 140164961955968 probe_scale.py:124:<module>] record about <redacted>
2026-10-10 00:20:03.759747: W scikitplot.cleanprompt._scale 140164961955968 probe_scale.py:124:<module>] record about <redacted>
2026-10-10 00:20:03.759796: W scikitplot.cleanprompt._scale 140164961955968 probe_scale.py:124:<module>] record about <redacted>
2026-10-10 00:20:03.759845: W scikitplot.cleanprompt._scale 140164961955968 probe_scale.py:124:<module>] record about <redacted>
2026-10-10 00:20:03.759893: W scikitplot.cleanprompt._scale 140164961955968 probe_scale.py:124:<module>] record about <redacted>
2026-10-10 00:20:03.759950: W scikitplot.cleanprompt._scale 140164961955968 probe_scale.py:124:<module>] record about <redacted>
2026-10-10 00:20:03.759996: W scikitplot.cleanprompt._scale 140164961955968 probe_scale.py:124:<module>] record about <redacted>
2026-10-10 00:20:03.760042: W scikitplot.cleanprompt._scale 140164961955968 probe_scale.py:124:<module>] record about <redacted>
2026-10-10 00:20:03.760088: W scikitplot.cleanprompt._scale 140164961955968 probe_scale.py:124:<module>] record about <redacted>
2026-10-10 00:20:03.760140: W scikitplot.cleanprompt._scale 140164961955968 probe_scale.py:124:<module>] record about <redacted>
2026-10-10 00:20:03.760190: W scikitplot.cleanprompt._scale 140164961955968 probe_scale.py:124:<module>] record about <redacted>
2026-10-10 00:20:03.760237: W scikitplot.cleanprompt._scale 140164961955968 probe_scale.py:124:<module>] record about <redacted>
2026-10-10 00:20:03.760283: W scikitplot.cleanprompt._scale 140164961955968 probe_scale.py:124:<module>] record about <redacted>
2026-10-10 00:20:03.760330: W scikitplot.cleanprompt._scale 140164961955968 probe_scale.py:124:<module>] record about <redacted>
2026-10-10 00:20:03.760375: W scikitplot.cleanprompt._scale 140164961955968 probe_scale.py:124:<module>] record about <redacted>
2026-10-10 00:20:03.760421: W scikitplot.cleanprompt._scale 140164961955968 probe_scale.py:124:<module>] record about <redacted>
2026-10-10 00:20:03.760467: W scikitplot.cleanprompt._scale 140164961955968 probe_scale.py:124:<module>] record about <redacted>
2026-10-10 00:20:03.760513: W scikitplot.cleanprompt._scale 140164961955968 probe_scale.py:124:<module>] record about <redacted>
2026-10-10 00:20:03.760560: W scikitplot.cleanprompt._scale 140164961955968 probe_scale.py:124:<module>] record about <redacted>
2026-10-10 00:20:03.760607: W scikitplot.cleanprompt._scale 140164961955968 probe_scale.py:124:<module>] record about <redacted>
2026-10-10 00:20:03.760694: W scikitplot.cleanprompt._scale 140164961955968 probe_scale.py:124:<module>] record about <redacted>
2026-10-10 00:20:03.760742: W scikitplot.cleanprompt._scale 140164961955968 probe_scale.py:124:<module>] record about <redacted>
2026-10-10 00:20:03.760790: W scikitplot.cleanprompt._scale 140164961955968 probe_scale.py:124:<module>] record about <redacted>
2026-10-10 00:20:03.760837: W scikitplot.cleanprompt._scale 140164961955968 probe_scale.py:124:<module>] record about <redacted>
2026-10-10 00:20:03.760895: W scikitplot.cleanprompt._scale 140164961955968 probe_scale.py:124:<module>] record about <redacted>
2026-10-10 00:20:03.760956: W scikitplot.cleanprompt._scale 140164961955968 probe_scale.py:124:<module>] record about <redacted>
2026-10-10 00:20:03.761003: W scikitplot.cleanprompt._scale 140164961955968 probe_scale.py:124:<module>] record about <redacted>
2026-10-10 00:20:03.761051: W scikitplot.cleanprompt._scale 140164961955968 probe_scale.py:124:<module>] record about <redacted>
2026-10-10 00:20:03.761100: W scikitplot.cleanprompt._scale 140164961955968 probe_scale.py:124:<module>] record about <redacted>
2026-10-10 00:20:03.761148: W scikitplot.cleanprompt._scale 140164961955968 probe_scale.py:124:<module>] record about <redacted>
2026-10-10 00:20:03.761195: W scikitplot.cleanprompt._scale 140164961955968 probe_scale.py:124:<module>] record about <redacted>
2026-10-10 00:20:03.761242: W scikitplot.cleanprompt._scale 140164961955968 probe_scale.py:124:<module>] record about <redacted>
2026-10-10 00:20:03.761287: W scikitplot.cleanprompt._scale 140164961955968 probe_scale.py:124:<module>] record about <redacted>
2026-10-10 00:20:03.761334: W scikitplot.cleanprompt._scale 140164961955968 probe_scale.py:124:<module>] record about <redacted>
2026-10-10 00:20:03.761379: W scikitplot.cleanprompt._scale 140164961955968 probe_scale.py:124:<module>] record about <redacted>
2026-10-10 00:20:03.761425: W scikitplot.cleanprompt._scale 140164961955968 probe_scale.py:124:<module>] record about <redacted>
2026-10-10 00:20:03.761472: W scikitplot.cleanprompt._scale 140164961955968 probe_scale.py:124:<module>] record about <redacted>
2026-10-10 00:20:03.761517: W scikitplot.cleanprompt._scale 140164961955968 probe_scale.py:124:<module>] record about <redacted>
2026-10-10 00:20:03.761563: W scikitplot.cleanprompt._scale 140164961955968 probe_scale.py:124:<module>] record about <redacted>
2026-10-10 00:20:03.761638: W scikitplot.cleanprompt._scale 140164961955968 probe_scale.py:124:<module>] record about <redacted>
2026-10-10 00:20:03.761700: W scikitplot.cleanprompt._scale 140164961955968 probe_scale.py:124:<module>] record about <redacted>
2026-10-10 00:20:03.761748: W scikitplot.cleanprompt._scale 140164961955968 probe_scale.py:124:<module>] record about <redacted>
2026-10-10 00:20:03.761796: W scikitplot.cleanprompt._scale 140164961955968 probe_scale.py:124:<module>] record about <redacted>
2026-10-10 00:20:03.761843: W scikitplot.cleanprompt._scale 140164961955968 probe_scale.py:124:<module>] record about <redacted>
2026-10-10 00:20:03.761889: W scikitplot.cleanprompt._scale 140164961955968 probe_scale.py:124:<module>] record about <redacted>
2026-10-10 00:20:03.761943: W scikitplot.cleanprompt._scale 140164961955968 probe_scale.py:124:<module>] record about <redacted>
2026-10-10 00:20:03.761989: W scikitplot.cleanprompt._scale 140164961955968 probe_scale.py:124:<module>] record about <redacted>
2026-10-10 00:20:03.762050: W scikitplot.cleanprompt._scale 140164961955968 probe_scale.py:124:<module>] record about <redacted>
2026-10-10 00:20:03.762097: W scikitplot.cleanprompt._scale 140164961955968 probe_scale.py:124:<module>] record about <redacted>
2026-10-10 00:20:03.762144: W scikitplot.cleanprompt._scale 140164961955968 probe_scale.py:124:<module>] record about <redacted>
2026-10-10 00:20:03.762190: W scikitplot.cleanprompt._scale 140164961955968 probe_scale.py:124:<module>] record about <redacted>
2026-10-10 00:20:03.762235: W scikitplot.cleanprompt._scale 140164961955968 probe_scale.py:124:<module>] record about <redacted>
2026-10-10 00:20:03.762282: W scikitplot.cleanprompt._scale 140164961955968 probe_scale.py:124:<module>] record about <redacted>
2026-10-10 00:20:03.762329: W scikitplot.cleanprompt._scale 140164961955968 probe_scale.py:124:<module>] record about <redacted>
2026-10-10 00:20:03.762377: W scikitplot.cleanprompt._scale 140164961955968 probe_scale.py:124:<module>] record about <redacted>
2026-10-10 00:20:03.762423: W scikitplot.cleanprompt._scale 140164961955968 probe_scale.py:124:<module>] record about <redacted>
2026-10-10 00:20:03.762471: W scikitplot.cleanprompt._scale 140164961955968 probe_scale.py:124:<module>] record about <redacted>
2026-10-10 00:20:03.762525: W scikitplot.cleanprompt._scale 140164961955968 probe_scale.py:124:<module>] record about <redacted>
2026-10-10 00:20:03.762571: W scikitplot.cleanprompt._scale 140164961955968 probe_scale.py:124:<module>] record about <redacted>
2026-10-10 00:20:03.762650: W scikitplot.cleanprompt._scale 140164961955968 probe_scale.py:124:<module>] record about <redacted>
2026-10-10 00:20:03.762769: W scikitplot.cleanprompt._scale 140164961955968 probe_scale.py:124:<module>] record about <redacted>
2026-10-10 00:20:03.762825: W scikitplot.cleanprompt._scale 140164961955968 probe_scale.py:124:<module>] record about <redacted>
2026-10-10 00:20:03.762872: W scikitplot.cleanprompt._scale 140164961955968 probe_scale.py:124:<module>] record about <redacted>
2026-10-10 00:20:03.762927: W scikitplot.cleanprompt._scale 140164961955968 probe_scale.py:124:<module>] record about <redacted>
2026-10-10 00:20:03.762975: W scikitplot.cleanprompt._scale 140164961955968 probe_scale.py:124:<module>] record about <redacted>
2026-10-10 00:20:03.763022: W scikitplot.cleanprompt._scale 140164961955968 probe_scale.py:124:<module>] record about <redacted>
2026-10-10 00:20:03.763069: W scikitplot.cleanprompt._scale 140164961955968 probe_scale.py:124:<module>] record about <redacted>
2026-10-10 00:20:03.763115: W scikitplot.cleanprompt._scale 140164961955968 probe_scale.py:124:<module>] record about <redacted>
2026-10-10 00:20:03.763162: W scikitplot.cleanprompt._scale 140164961955968 probe_scale.py:124:<module>] record about <redacted>
2026-10-10 00:20:03.763208: W scikitplot.cleanprompt._scale 140164961955968 probe_scale.py:124:<module>] record about <redacted>
2026-10-10 00:20:03.763255: W scikitplot.cleanprompt._scale 140164961955968 probe_scale.py:124:<module>] record about <redacted>
2026-10-10 00:20:03.763301: W scikitplot.cleanprompt._scale 140164961955968 probe_scale.py:124:<module>] record about <redacted>
2026-10-10 00:20:03.763348: W scikitplot.cleanprompt._scale 140164961955968 probe_scale.py:124:<module>] record about <redacted>
2026-10-10 00:20:03.763396: W scikitplot.cleanprompt._scale 140164961955968 probe_scale.py:124:<module>] record about <redacted>
2026-10-10 00:20:03.763441: W scikitplot.cleanprompt._scale 140164961955968 probe_scale.py:124:<module>] record about <redacted>
2026-10-10 00:20:03.763487: W scikitplot.cleanprompt._scale 140164961955968 probe_scale.py:124:<module>] record about <redacted>
2026-10-10 00:20:03.763533: W scikitplot.cleanprompt._scale 140164961955968 probe_scale.py:124:<module>] record about <redacted>
2026-10-10 00:20:03.763578: W scikitplot.cleanprompt._scale 140164961955968 probe_scale.py:124:<module>] record about <redacted>
2026-10-10 00:20:03.763661: W scikitplot.cleanprompt._scale 140164961955968 probe_scale.py:124:<module>] record about <redacted>
2026-10-10 00:20:03.763718: W scikitplot.cleanprompt._scale 140164961955968 probe_scale.py:124:<module>] record about <redacted>
2026-10-10 00:20:03.763767: W scikitplot.cleanprompt._scale 140164961955968 probe_scale.py:124:<module>] record about <redacted>
2026-10-10 00:20:03.763816: W scikitplot.cleanprompt._scale 140164961955968 probe_scale.py:124:<module>] record about <redacted>
2026-10-10 00:20:03.763865: W scikitplot.cleanprompt._scale 140164961955968 probe_scale.py:124:<module>] record about <redacted>
2026-10-10 00:20:03.763917: W scikitplot.cleanprompt._scale 140164961955968 probe_scale.py:124:<module>] record about <redacted>
2026-10-10 00:20:03.763965: W scikitplot.cleanprompt._scale 140164961955968 probe_scale.py:124:<module>] record about <redacted>
2026-10-10 00:20:03.764010: W scikitplot.cleanprompt._scale 140164961955968 probe_scale.py:124:<module>] record about <redacted>
2026-10-10 00:20:03.764058: W scikitplot.cleanprompt._scale 140164961955968 probe_scale.py:124:<module>] record about <redacted>
2026-10-10 00:20:03.764104: W scikitplot.cleanprompt._scale 140164961955968 probe_scale.py:124:<module>] record about <redacted>
2026-10-10 00:20:03.764152: W scikitplot.cleanprompt._scale 140164961955968 probe_scale.py:124:<module>] record about <redacted>
2026-10-10 00:20:03.764205: W scikitplot.cleanprompt._scale 140164961955968 probe_scale.py:124:<module>] record about <redacted>
2026-10-10 00:20:03.764253: W scikitplot.cleanprompt._scale 140164961955968 probe_scale.py:124:<module>] record about <redacted>
2026-10-10 00:20:03.764299: W scikitplot.cleanprompt._scale 140164961955968 probe_scale.py:124:<module>] record about <redacted>
2026-10-10 00:20:03.764346: W scikitplot.cleanprompt._scale 140164961955968 probe_scale.py:124:<module>] record about <redacted>
2026-10-10 00:20:03.764392: W scikitplot.cleanprompt._scale 140164961955968 probe_scale.py:124:<module>] record about <redacted>
2026-10-10 00:20:03.764441: W scikitplot.cleanprompt._scale 140164961955968 probe_scale.py:124:<module>] record about <redacted>
2026-10-10 00:20:03.764487: W scikitplot.cleanprompt._scale 140164961955968 probe_scale.py:124:<module>] record about <redacted>
2026-10-10 00:20:03.764532: W scikitplot.cleanprompt._scale 140164961955968 probe_scale.py:124:<module>] record about <redacted>
2026-10-10 00:20:03.764579: W scikitplot.cleanprompt._scale 140164961955968 probe_scale.py:124:<module>] record about <redacted>
2026-10-10 00:20:03.764661: W scikitplot.cleanprompt._scale 140164961955968 probe_scale.py:124:<module>] record about <redacted>
2026-10-10 00:20:03.764716: W scikitplot.cleanprompt._scale 140164961955968 probe_scale.py:124:<module>] record about <redacted>
2026-10-10 00:20:03.764764: W scikitplot.cleanprompt._scale 140164961955968 probe_scale.py:124:<module>] record about <redacted>
2026-10-10 00:20:03.764811: W scikitplot.cleanprompt._scale 140164961955968 probe_scale.py:124:<module>] record about <redacted>
2026-10-10 00:20:03.764861: W scikitplot.cleanprompt._scale 140164961955968 probe_scale.py:124:<module>] record about <redacted>
2026-10-10 00:20:03.764913: W scikitplot.cleanprompt._scale 140164961955968 probe_scale.py:124:<module>] record about <redacted>
2026-10-10 00:20:03.764962: W scikitplot.cleanprompt._scale 140164961955968 probe_scale.py:124:<module>] record about <redacted>
2026-10-10 00:20:03.765009: W scikitplot.cleanprompt._scale 140164961955968 probe_scale.py:124:<module>] record about <redacted>
2026-10-10 00:20:03.765057: W scikitplot.cleanprompt._scale 140164961955968 probe_scale.py:124:<module>] record about <redacted>
2026-10-10 00:20:03.765105: W scikitplot.cleanprompt._scale 140164961955968 probe_scale.py:124:<module>] record about <redacted>
2026-10-10 00:20:03.765153: W scikitplot.cleanprompt._scale 140164961955968 probe_scale.py:124:<module>] record about <redacted>
2026-10-10 00:20:03.765200: W scikitplot.cleanprompt._scale 140164961955968 probe_scale.py:124:<module>] record about <redacted>
2026-10-10 00:20:03.765248: W scikitplot.cleanprompt._scale 140164961955968 probe_scale.py:124:<module>] record about <redacted>
2026-10-10 00:20:03.765294: W scikitplot.cleanprompt._scale 140164961955968 probe_scale.py:124:<module>] record about <redacted>
2026-10-10 00:20:03.765341: W scikitplot.cleanprompt._scale 140164961955968 probe_scale.py:124:<module>] record about <redacted>
2026-10-10 00:20:03.765388: W scikitplot.cleanprompt._scale 140164961955968 probe_scale.py:124:<module>] record about <redacted>
2026-10-10 00:20:03.765434: W scikitplot.cleanprompt._scale 140164961955968 probe_scale.py:124:<module>] record about <redacted>
2026-10-10 00:20:03.765481: W scikitplot.cleanprompt._scale 140164961955968 probe_scale.py:124:<module>] record about <redacted>
2026-10-10 00:20:03.765527: W scikitplot.cleanprompt._scale 140164961955968 probe_scale.py:124:<module>] record about <redacted>
2026-10-10 00:20:03.765574: W scikitplot.cleanprompt._scale 140164961955968 probe_scale.py:124:<module>] record about <redacted>
2026-10-10 00:20:03.765682: W scikitplot.cleanprompt._scale 140164961955968 probe_scale.py:124:<module>] record about <redacted>
2026-10-10 00:20:03.765753: W scikitplot.cleanprompt._scale 140164961955968 probe_scale.py:124:<module>] record about <redacted>
2026-10-10 00:20:03.765802: W scikitplot.cleanprompt._scale 140164961955968 probe_scale.py:124:<module>] record about <redacted>
2026-10-10 00:20:03.765856: W scikitplot.cleanprompt._scale 140164961955968 probe_scale.py:124:<module>] record about <redacted>
2026-10-10 00:20:03.765912: W scikitplot.cleanprompt._scale 140164961955968 probe_scale.py:124:<module>] record about <redacted>
2026-10-10 00:20:03.765960: W scikitplot.cleanprompt._scale 140164961955968 probe_scale.py:124:<module>] record about <redacted>
2026-10-10 00:20:03.766006: W scikitplot.cleanprompt._scale 140164961955968 probe_scale.py:124:<module>] record about <redacted>
2026-10-10 00:20:03.766053: W scikitplot.cleanprompt._scale 140164961955968 probe_scale.py:124:<module>] record about <redacted>
2026-10-10 00:20:03.766098: W scikitplot.cleanprompt._scale 140164961955968 probe_scale.py:124:<module>] record about <redacted>
2026-10-10 00:20:03.766144: W scikitplot.cleanprompt._scale 140164961955968 probe_scale.py:124:<module>] record about <redacted>
2026-10-10 00:20:03.766190: W scikitplot.cleanprompt._scale 140164961955968 probe_scale.py:124:<module>] record about <redacted>
2026-10-10 00:20:03.766237: W scikitplot.cleanprompt._scale 140164961955968 probe_scale.py:124:<module>] record about <redacted>
2026-10-10 00:20:03.766283: W scikitplot.cleanprompt._scale 140164961955968 probe_scale.py:124:<module>] record about <redacted>
2026-10-10 00:20:03.766330: W scikitplot.cleanprompt._scale 140164961955968 probe_scale.py:124:<module>] record about <redacted>
2026-10-10 00:20:03.766376: W scikitplot.cleanprompt._scale 140164961955968 probe_scale.py:124:<module>] record about <redacted>
2026-10-10 00:20:03.766422: W scikitplot.cleanprompt._scale 140164961955968 probe_scale.py:124:<module>] record about <redacted>
2026-10-10 00:20:03.766468: W scikitplot.cleanprompt._scale 140164961955968 probe_scale.py:124:<module>] record about <redacted>
2026-10-10 00:20:03.766514: W scikitplot.cleanprompt._scale 140164961955968 probe_scale.py:124:<module>] record about <redacted>
2026-10-10 00:20:03.766561: W scikitplot.cleanprompt._scale 140164961955968 probe_scale.py:124:<module>] record about <redacted>
2026-10-10 00:20:03.766607: W scikitplot.cleanprompt._scale 140164961955968 probe_scale.py:124:<module>] record about <redacted>
2026-10-10 00:20:03.766780: W scikitplot.cleanprompt._scale 140164961955968 probe_scale.py:124:<module>] record about <redacted>
2026-10-10 00:20:03.766842: W scikitplot.cleanprompt._scale 140164961955968 probe_scale.py:124:<module>] record about <redacted>
2026-10-10 00:20:03.766890: W scikitplot.cleanprompt._scale 140164961955968 probe_scale.py:124:<module>] record about <redacted>
2026-10-10 00:20:03.766944: W scikitplot.cleanprompt._scale 140164961955968 probe_scale.py:124:<module>] record about <redacted>
2026-10-10 00:20:03.766992: W scikitplot.cleanprompt._scale 140164961955968 probe_scale.py:124:<module>] record about <redacted>
2026-10-10 00:20:03.767038: W scikitplot.cleanprompt._scale 140164961955968 probe_scale.py:124:<module>] record about <redacted>
2026-10-10 00:20:03.767086: W scikitplot.cleanprompt._scale 140164961955968 probe_scale.py:124:<module>] record about <redacted>
2026-10-10 00:20:03.767134: W scikitplot.cleanprompt._scale 140164961955968 probe_scale.py:124:<module>] record about <redacted>
2026-10-10 00:20:03.767180: W scikitplot.cleanprompt._scale 140164961955968 probe_scale.py:124:<module>] record about <redacted>
2026-10-10 00:20:03.767227: W scikitplot.cleanprompt._scale 140164961955968 probe_scale.py:124:<module>] record about <redacted>
2026-10-10 00:20:03.767273: W scikitplot.cleanprompt._scale 140164961955968 probe_scale.py:124:<module>] record about <redacted>
2026-10-10 00:20:03.767321: W scikitplot.cleanprompt._scale 140164961955968 probe_scale.py:124:<module>] record about <redacted>
2026-10-10 00:20:03.767367: W scikitplot.cleanprompt._scale 140164961955968 probe_scale.py:124:<module>] record about <redacted>
2026-10-10 00:20:03.767413: W scikitplot.cleanprompt._scale 140164961955968 probe_scale.py:124:<module>] record about <redacted>
2026-10-10 00:20:03.767466: W scikitplot.cleanprompt._scale 140164961955968 probe_scale.py:124:<module>] record about <redacted>
2026-10-10 00:20:03.767515: W scikitplot.cleanprompt._scale 140164961955968 probe_scale.py:124:<module>] record about <redacted>
2026-10-10 00:20:03.767562: W scikitplot.cleanprompt._scale 140164961955968 probe_scale.py:124:<module>] record about <redacted>
2026-10-10 00:20:03.767607: W scikitplot.cleanprompt._scale 140164961955968 probe_scale.py:124:<module>] record about <redacted>
2026-10-10 00:20:03.767699: W scikitplot.cleanprompt._scale 140164961955968 probe_scale.py:124:<module>] record about <redacted>
2026-10-10 00:20:03.767748: W scikitplot.cleanprompt._scale 140164961955968 probe_scale.py:124:<module>] record about <redacted>
2026-10-10 00:20:03.767796: W scikitplot.cleanprompt._scale 140164961955968 probe_scale.py:124:<module>] record about <redacted>
2026-10-10 00:20:03.767843: W scikitplot.cleanprompt._scale 140164961955968 probe_scale.py:124:<module>] record about <redacted>
2026-10-10 00:20:03.767892: W scikitplot.cleanprompt._scale 140164961955968 probe_scale.py:124:<module>] record about <redacted>
2026-10-10 00:20:03.767947: W scikitplot.cleanprompt._scale 140164961955968 probe_scale.py:124:<module>] record about <redacted>
2026-10-10 00:20:03.767994: W scikitplot.cleanprompt._scale 140164961955968 probe_scale.py:124:<module>] record about <redacted>
2026-10-10 00:20:03.768041: W scikitplot.cleanprompt._scale 140164961955968 probe_scale.py:124:<module>] record about <redacted>
2026-10-10 00:20:03.768087: W scikitplot.cleanprompt._scale 140164961955968 probe_scale.py:124:<module>] record about <redacted>
2026-10-10 00:20:03.768133: W scikitplot.cleanprompt._scale 140164961955968 probe_scale.py:124:<module>] record about <redacted>
2026-10-10 00:20:03.768178: W scikitplot.cleanprompt._scale 140164961955968 probe_scale.py:124:<module>] record about <redacted>
2026-10-10 00:20:03.768226: W scikitplot.cleanprompt._scale 140164961955968 probe_scale.py:124:<module>] record about <redacted>
2026-10-10 00:20:03.768273: W scikitplot.cleanprompt._scale 140164961955968 probe_scale.py:124:<module>] record about <redacted>
2026-10-10 00:20:03.768320: W scikitplot.cleanprompt._scale 140164961955968 probe_scale.py:124:<module>] record about <redacted>
2026-10-10 00:20:03.768365: W scikitplot.cleanprompt._scale 140164961955968 probe_scale.py:124:<module>] record about <redacted>
2026-10-10 00:20:03.768410: W scikitplot.cleanprompt._scale 140164961955968 probe_scale.py:124:<module>] record about <redacted>
2026-10-10 00:20:03.768456: W scikitplot.cleanprompt._scale 140164961955968 probe_scale.py:124:<module>] record about <redacted>
2026-10-10 00:20:03.768502: W scikitplot.cleanprompt._scale 140164961955968 probe_scale.py:124:<module>] record about <redacted>
2026-10-10 00:20:03.768547: W scikitplot.cleanprompt._scale 140164961955968 probe_scale.py:124:<module>] record about <redacted>
2026-10-10 00:20:03.768591: W scikitplot.cleanprompt._scale 140164961955968 probe_scale.py:124:<module>] record about <redacted>
2026-10-10 00:20:03.768676: W scikitplot.cleanprompt._scale 140164961955968 probe_scale.py:124:<module>] record about <redacted>
2026-10-10 00:20:03.768731: W scikitplot.cleanprompt._scale 140164961955968 probe_scale.py:124:<module>] record about <redacted>
2026-10-10 00:20:03.768777: W scikitplot.cleanprompt._scale 140164961955968 probe_scale.py:124:<module>] record about <redacted>
2026-10-10 00:20:03.768824: W scikitplot.cleanprompt._scale 140164961955968 probe_scale.py:124:<module>] record about <redacted>
2026-10-10 00:20:03.768871: W scikitplot.cleanprompt._scale 140164961955968 probe_scale.py:124:<module>] record about <redacted>
2026-10-10 00:20:03.768924: W scikitplot.cleanprompt._scale 140164961955968 probe_scale.py:124:<module>] record about <redacted>
2026-10-10 00:20:03.768970: W scikitplot.cleanprompt._scale 140164961955968 probe_scale.py:124:<module>] record about <redacted>
2026-10-10 00:20:03.769016: W scikitplot.cleanprompt._scale 140164961955968 probe_scale.py:124:<module>] record about <redacted>
2026-10-10 00:20:03.769068: W scikitplot.cleanprompt._scale 140164961955968 probe_scale.py:124:<module>] record about <redacted>
2026-10-10 00:20:03.769116: W scikitplot.cleanprompt._scale 140164961955968 probe_scale.py:124:<module>] record about <redacted>
2026-10-10 00:20:03.769164: W scikitplot.cleanprompt._scale 140164961955968 probe_scale.py:124:<module>] record about <redacted>
2026-10-10 00:20:03.769211: W scikitplot.cleanprompt._scale 140164961955968 probe_scale.py:124:<module>] record about <redacted>
2026-10-10 00:20:03.769259: W scikitplot.cleanprompt._scale 140164961955968 probe_scale.py:124:<module>] record about <redacted>
2026-10-10 00:20:03.769305: W scikitplot.cleanprompt._scale 140164961955968 probe_scale.py:124:<module>] record about <redacted>
2026-10-10 00:20:03.769351: W scikitplot.cleanprompt._scale 140164961955968 probe_scale.py:124:<module>] record about <redacted>
2026-10-10 00:20:03.769398: W scikitplot.cleanprompt._scale 140164961955968 probe_scale.py:124:<module>] record about <redacted>
2026-10-10 00:20:03.769444: W scikitplot.cleanprompt._scale 140164961955968 probe_scale.py:124:<module>] record about <redacted>
2026-10-10 00:20:03.769490: W scikitplot.cleanprompt._scale 140164961955968 probe_scale.py:124:<module>] record about <redacted>
2026-10-10 00:20:03.769536: W scikitplot.cleanprompt._scale 140164961955968 probe_scale.py:124:<module>] record about <redacted>
2026-10-10 00:20:03.769582: W scikitplot.cleanprompt._scale 140164961955968 probe_scale.py:124:<module>] record about <redacted>
2026-10-10 00:20:03.769664: W scikitplot.cleanprompt._scale 140164961955968 probe_scale.py:124:<module>] record about <redacted>
2026-10-10 00:20:03.769718: W scikitplot.cleanprompt._scale 140164961955968 probe_scale.py:124:<module>] record about <redacted>
2026-10-10 00:20:03.769765: W scikitplot.cleanprompt._scale 140164961955968 probe_scale.py:124:<module>] record about <redacted>
2026-10-10 00:20:03.769811: W scikitplot.cleanprompt._scale 140164961955968 probe_scale.py:124:<module>] record about <redacted>
2026-10-10 00:20:03.769857: W scikitplot.cleanprompt._scale 140164961955968 probe_scale.py:124:<module>] record about <redacted>
2026-10-10 00:20:03.769913: W scikitplot.cleanprompt._scale 140164961955968 probe_scale.py:124:<module>] record about <redacted>
2026-10-10 00:20:03.769962: W scikitplot.cleanprompt._scale 140164961955968 probe_scale.py:124:<module>] record about <redacted>
2026-10-10 00:20:03.770007: W scikitplot.cleanprompt._scale 140164961955968 probe_scale.py:124:<module>] record about <redacted>
2026-10-10 00:20:03.770056: W scikitplot.cleanprompt._scale 140164961955968 probe_scale.py:124:<module>] record about <redacted>
2026-10-10 00:20:03.770101: W scikitplot.cleanprompt._scale 140164961955968 probe_scale.py:124:<module>] record about <redacted>
2026-10-10 00:20:03.770146: W scikitplot.cleanprompt._scale 140164961955968 probe_scale.py:124:<module>] record about <redacted>
2026-10-10 00:20:03.770192: W scikitplot.cleanprompt._scale 140164961955968 probe_scale.py:124:<module>] record about <redacted>
2026-10-10 00:20:03.770239: W scikitplot.cleanprompt._scale 140164961955968 probe_scale.py:124:<module>] record about <redacted>
2026-10-10 00:20:03.770285: W scikitplot.cleanprompt._scale 140164961955968 probe_scale.py:124:<module>] record about <redacted>
2026-10-10 00:20:03.770331: W scikitplot.cleanprompt._scale 140164961955968 probe_scale.py:124:<module>] record about <redacted>
2026-10-10 00:20:03.770379: W scikitplot.cleanprompt._scale 140164961955968 probe_scale.py:124:<module>] record about <redacted>
2026-10-10 00:20:03.770426: W scikitplot.cleanprompt._scale 140164961955968 probe_scale.py:124:<module>] record about <redacted>
2026-10-10 00:20:03.770472: W scikitplot.cleanprompt._scale 140164961955968 probe_scale.py:124:<module>] record about <redacted>
2026-10-10 00:20:03.770520: W scikitplot.cleanprompt._scale 140164961955968 probe_scale.py:124:<module>] record about <redacted>
2026-10-10 00:20:03.770567: W scikitplot.cleanprompt._scale 140164961955968 probe_scale.py:124:<module>] record about <redacted>
2026-10-10 00:20:03.770650: W scikitplot.cleanprompt._scale 140164961955968 probe_scale.py:124:<module>] record about <redacted>
2026-10-10 00:20:03.770811: W scikitplot.cleanprompt._scale 140164961955968 probe_scale.py:124:<module>] record about <redacted>
2026-10-10 00:20:03.770873: W scikitplot.cleanprompt._scale 140164961955968 probe_scale.py:124:<module>] record about <redacted>
2026-10-10 00:20:03.770931: W scikitplot.cleanprompt._scale 140164961955968 probe_scale.py:124:<module>] record about <redacted>
2026-10-10 00:20:03.770980: W scikitplot.cleanprompt._scale 140164961955968 probe_scale.py:124:<module>] record about <redacted>
2026-10-10 00:20:03.771027: W scikitplot.cleanprompt._scale 140164961955968 probe_scale.py:124:<module>] record about <redacted>
2026-10-10 00:20:03.771073: W scikitplot.cleanprompt._scale 140164961955968 probe_scale.py:124:<module>] record about <redacted>
2026-10-10 00:20:03.771120: W scikitplot.cleanprompt._scale 140164961955968 probe_scale.py:124:<module>] record about <redacted>
2026-10-10 00:20:03.771166: W scikitplot.cleanprompt._scale 140164961955968 probe_scale.py:124:<module>] record about <redacted>
2026-10-10 00:20:03.771212: W scikitplot.cleanprompt._scale 140164961955968 probe_scale.py:124:<module>] record about <redacted>
2026-10-10 00:20:03.771259: W scikitplot.cleanprompt._scale 140164961955968 probe_scale.py:124:<module>] record about <redacted>
2026-10-10 00:20:03.771305: W scikitplot.cleanprompt._scale 140164961955968 probe_scale.py:124:<module>] record about <redacted>
2026-10-10 00:20:03.771352: W scikitplot.cleanprompt._scale 140164961955968 probe_scale.py:124:<module>] record about <redacted>
2026-10-10 00:20:03.771401: W scikitplot.cleanprompt._scale 140164961955968 probe_scale.py:124:<module>] record about <redacted>
2026-10-10 00:20:03.771447: W scikitplot.cleanprompt._scale 140164961955968 probe_scale.py:124:<module>] record about <redacted>
2026-10-10 00:20:03.771493: W scikitplot.cleanprompt._scale 140164961955968 probe_scale.py:124:<module>] record about <redacted>
2026-10-10 00:20:03.771540: W scikitplot.cleanprompt._scale 140164961955968 probe_scale.py:124:<module>] record about <redacted>
2026-10-10 00:20:03.771587: W scikitplot.cleanprompt._scale 140164961955968 probe_scale.py:124:<module>] record about <redacted>
2026-10-10 00:20:03.771695: W scikitplot.cleanprompt._scale 140164961955968 probe_scale.py:124:<module>] record about <redacted>
2026-10-10 00:20:03.771750: W scikitplot.cleanprompt._scale 140164961955968 probe_scale.py:124:<module>] record about <redacted>
2026-10-10 00:20:03.771797: W scikitplot.cleanprompt._scale 140164961955968 probe_scale.py:124:<module>] record about <redacted>
2026-10-10 00:20:03.771843: W scikitplot.cleanprompt._scale 140164961955968 probe_scale.py:124:<module>] record about <redacted>
2026-10-10 00:20:03.771890: W scikitplot.cleanprompt._scale 140164961955968 probe_scale.py:124:<module>] record about <redacted>
2026-10-10 00:20:03.771948: W scikitplot.cleanprompt._scale 140164961955968 probe_scale.py:124:<module>] record about <redacted>
2026-10-10 00:20:03.771997: W scikitplot.cleanprompt._scale 140164961955968 probe_scale.py:124:<module>] record about <redacted>
2026-10-10 00:20:03.772044: W scikitplot.cleanprompt._scale 140164961955968 probe_scale.py:124:<module>] record about <redacted>
2026-10-10 00:20:03.772090: W scikitplot.cleanprompt._scale 140164961955968 probe_scale.py:124:<module>] record about <redacted>
2026-10-10 00:20:03.772137: W scikitplot.cleanprompt._scale 140164961955968 probe_scale.py:124:<module>] record about <redacted>
2026-10-10 00:20:03.772185: W scikitplot.cleanprompt._scale 140164961955968 probe_scale.py:124:<module>] record about <redacted>
2026-10-10 00:20:03.772231: W scikitplot.cleanprompt._scale 140164961955968 probe_scale.py:124:<module>] record about <redacted>
2026-10-10 00:20:03.772280: W scikitplot.cleanprompt._scale 140164961955968 probe_scale.py:124:<module>] record about <redacted>
2026-10-10 00:20:03.772327: W scikitplot.cleanprompt._scale 140164961955968 probe_scale.py:124:<module>] record about <redacted>
2026-10-10 00:20:03.772389: W scikitplot.cleanprompt._scale 140164961955968 probe_scale.py:124:<module>] record about <redacted>
2026-10-10 00:20:03.772437: W scikitplot.cleanprompt._scale 140164961955968 probe_scale.py:124:<module>] record about <redacted>
2026-10-10 00:20:03.772484: W scikitplot.cleanprompt._scale 140164961955968 probe_scale.py:124:<module>] record about <redacted>
2026-10-10 00:20:03.772531: W scikitplot.cleanprompt._scale 140164961955968 probe_scale.py:124:<module>] record about <redacted>
2026-10-10 00:20:03.772603: W scikitplot.cleanprompt._scale 140164961955968 probe_scale.py:124:<module>] record about <redacted>
2026-10-10 00:20:03.772694: W scikitplot.cleanprompt._scale 140164961955968 probe_scale.py:124:<module>] record about <redacted>
2026-10-10 00:20:03.772746: W scikitplot.cleanprompt._scale 140164961955968 probe_scale.py:124:<module>] record about <redacted>
2026-10-10 00:20:03.772794: W scikitplot.cleanprompt._scale 140164961955968 probe_scale.py:124:<module>] record about <redacted>
2026-10-10 00:20:03.772842: W scikitplot.cleanprompt._scale 140164961955968 probe_scale.py:124:<module>] record about <redacted>
2026-10-10 00:20:03.772890: W scikitplot.cleanprompt._scale 140164961955968 probe_scale.py:124:<module>] record about <redacted>
2026-10-10 00:20:03.772944: W scikitplot.cleanprompt._scale 140164961955968 probe_scale.py:124:<module>] record about <redacted>
2026-10-10 00:20:03.772990: W scikitplot.cleanprompt._scale 140164961955968 probe_scale.py:124:<module>] record about <redacted>
2026-10-10 00:20:03.773038: W scikitplot.cleanprompt._scale 140164961955968 probe_scale.py:124:<module>] record about <redacted>
2026-10-10 00:20:03.773084: W scikitplot.cleanprompt._scale 140164961955968 probe_scale.py:124:<module>] record about <redacted>
2026-10-10 00:20:03.773130: W scikitplot.cleanprompt._scale 140164961955968 probe_scale.py:124:<module>] record about <redacted>
2026-10-10 00:20:03.773178: W scikitplot.cleanprompt._scale 140164961955968 probe_scale.py:124:<module>] record about <redacted>
2026-10-10 00:20:03.773225: W scikitplot.cleanprompt._scale 140164961955968 probe_scale.py:124:<module>] record about <redacted>
2026-10-10 00:20:03.773272: W scikitplot.cleanprompt._scale 140164961955968 probe_scale.py:124:<module>] record about <redacted>
2026-10-10 00:20:03.773319: W scikitplot.cleanprompt._scale 140164961955968 probe_scale.py:124:<module>] record about <redacted>
2026-10-10 00:20:03.773365: W scikitplot.cleanprompt._scale 140164961955968 probe_scale.py:124:<module>] record about <redacted>
2026-10-10 00:20:03.773412: W scikitplot.cleanprompt._scale 140164961955968 probe_scale.py:124:<module>] record about <redacted>
2026-10-10 00:20:03.773458: W scikitplot.cleanprompt._scale 140164961955968 probe_scale.py:124:<module>] record about <redacted>
2026-10-10 00:20:03.773504: W scikitplot.cleanprompt._scale 140164961955968 probe_scale.py:124:<module>] record about <redacted>
2026-10-10 00:20:03.773550: W scikitplot.cleanprompt._scale 140164961955968 probe_scale.py:124:<module>] record about <redacted>
2026-10-10 00:20:03.773595: W scikitplot.cleanprompt._scale 140164961955968 probe_scale.py:124:<module>] record about <redacted>
2026-10-10 00:20:03.773679: W scikitplot.cleanprompt._scale 140164961955968 probe_scale.py:124:<module>] record about <redacted>
2026-10-10 00:20:03.773730: W scikitplot.cleanprompt._scale 140164961955968 probe_scale.py:124:<module>] record about <redacted>
2026-10-10 00:20:03.773777: W scikitplot.cleanprompt._scale 140164961955968 probe_scale.py:124:<module>] record about <redacted>
2026-10-10 00:20:03.773825: W scikitplot.cleanprompt._scale 140164961955968 probe_scale.py:124:<module>] record about <redacted>
2026-10-10 00:20:03.773872: W scikitplot.cleanprompt._scale 140164961955968 probe_scale.py:124:<module>] record about <redacted>
2026-10-10 00:20:03.773926: W scikitplot.cleanprompt._scale 140164961955968 probe_scale.py:124:<module>] record about <redacted>
2026-10-10 00:20:03.773981: W scikitplot.cleanprompt._scale 140164961955968 probe_scale.py:124:<module>] record about <redacted>
2026-10-10 00:20:03.774028: W scikitplot.cleanprompt._scale 140164961955968 probe_scale.py:124:<module>] record about <redacted>
2026-10-10 00:20:03.774076: W scikitplot.cleanprompt._scale 140164961955968 probe_scale.py:124:<module>] record about <redacted>
2026-10-10 00:20:03.774121: W scikitplot.cleanprompt._scale 140164961955968 probe_scale.py:124:<module>] record about <redacted>
2026-10-10 00:20:03.774169: W scikitplot.cleanprompt._scale 140164961955968 probe_scale.py:124:<module>] record about <redacted>
2026-10-10 00:20:03.774215: W scikitplot.cleanprompt._scale 140164961955968 probe_scale.py:124:<module>] record about <redacted>
2026-10-10 00:20:03.774260: W scikitplot.cleanprompt._scale 140164961955968 probe_scale.py:124:<module>] record about <redacted>
2026-10-10 00:20:03.774307: W scikitplot.cleanprompt._scale 140164961955968 probe_scale.py:124:<module>] record about <redacted>
2026-10-10 00:20:03.774353: W scikitplot.cleanprompt._scale 140164961955968 probe_scale.py:124:<module>] record about <redacted>
2026-10-10 00:20:03.774399: W scikitplot.cleanprompt._scale 140164961955968 probe_scale.py:124:<module>] record about <redacted>
2026-10-10 00:20:03.774444: W scikitplot.cleanprompt._scale 140164961955968 probe_scale.py:124:<module>] record about <redacted>
2026-10-10 00:20:03.774490: W scikitplot.cleanprompt._scale 140164961955968 probe_scale.py:124:<module>] record about <redacted>
2026-10-10 00:20:03.774537: W scikitplot.cleanprompt._scale 140164961955968 probe_scale.py:124:<module>] record about <redacted>
2026-10-10 00:20:03.774583: W scikitplot.cleanprompt._scale 140164961955968 probe_scale.py:124:<module>] record about <redacted>
2026-10-10 00:20:03.774671: W scikitplot.cleanprompt._scale 140164961955968 probe_scale.py:124:<module>] record about <redacted>
2026-10-10 00:20:03.774776: W scikitplot.cleanprompt._scale 140164961955968 probe_scale.py:124:<module>] record about <redacted>
2026-10-10 00:20:03.774829: W scikitplot.cleanprompt._scale 140164961955968 probe_scale.py:124:<module>] record about <redacted>
2026-10-10 00:20:03.774878: W scikitplot.cleanprompt._scale 140164961955968 probe_scale.py:124:<module>] record about <redacted>
2026-10-10 00:20:03.774931: W scikitplot.cleanprompt._scale 140164961955968 probe_scale.py:124:<module>] record about <redacted>
2026-10-10 00:20:03.774979: W scikitplot.cleanprompt._scale 140164961955968 probe_scale.py:124:<module>] record about <redacted>
2026-10-10 00:20:03.775026: W scikitplot.cleanprompt._scale 140164961955968 probe_scale.py:124:<module>] record about <redacted>
2026-10-10 00:20:03.775074: W scikitplot.cleanprompt._scale 140164961955968 probe_scale.py:124:<module>] record about <redacted>
2026-10-10 00:20:03.775121: W scikitplot.cleanprompt._scale 140164961955968 probe_scale.py:124:<module>] record about <redacted>
2026-10-10 00:20:03.775168: W scikitplot.cleanprompt._scale 140164961955968 probe_scale.py:124:<module>] record about <redacted>
2026-10-10 00:20:03.775213: W scikitplot.cleanprompt._scale 140164961955968 probe_scale.py:124:<module>] record about <redacted>
2026-10-10 00:20:03.775260: W scikitplot.cleanprompt._scale 140164961955968 probe_scale.py:124:<module>] record about <redacted>
2026-10-10 00:20:03.775306: W scikitplot.cleanprompt._scale 140164961955968 probe_scale.py:124:<module>] record about <redacted>
2026-10-10 00:20:03.775352: W scikitplot.cleanprompt._scale 140164961955968 probe_scale.py:124:<module>] record about <redacted>
2026-10-10 00:20:03.775397: W scikitplot.cleanprompt._scale 140164961955968 probe_scale.py:124:<module>] record about <redacted>
2026-10-10 00:20:03.775444: W scikitplot.cleanprompt._scale 140164961955968 probe_scale.py:124:<module>] record about <redacted>
2026-10-10 00:20:03.775491: W scikitplot.cleanprompt._scale 140164961955968 probe_scale.py:124:<module>] record about <redacted>
2026-10-10 00:20:03.775537: W scikitplot.cleanprompt._scale 140164961955968 probe_scale.py:124:<module>] record about <redacted>
2026-10-10 00:20:03.775591: W scikitplot.cleanprompt._scale 140164961955968 probe_scale.py:124:<module>] record about <redacted>
2026-10-10 00:20:03.775682: W scikitplot.cleanprompt._scale 140164961955968 probe_scale.py:124:<module>] record about <redacted>
2026-10-10 00:20:03.775734: W scikitplot.cleanprompt._scale 140164961955968 probe_scale.py:124:<module>] record about <redacted>
2026-10-10 00:20:03.775782: W scikitplot.cleanprompt._scale 140164961955968 probe_scale.py:124:<module>] record about <redacted>
2026-10-10 00:20:03.775829: W scikitplot.cleanprompt._scale 140164961955968 probe_scale.py:124:<module>] record about <redacted>
2026-10-10 00:20:03.775880: W scikitplot.cleanprompt._scale 140164961955968 probe_scale.py:124:<module>] record about <redacted>
2026-10-10 00:20:03.775933: W scikitplot.cleanprompt._scale 140164961955968 probe_scale.py:124:<module>] record about <redacted>
2026-10-10 00:20:03.775981: W scikitplot.cleanprompt._scale 140164961955968 probe_scale.py:124:<module>] record about <redacted>
2026-10-10 00:20:03.776027: W scikitplot.cleanprompt._scale 140164961955968 probe_scale.py:124:<module>] record about <redacted>
2026-10-10 00:20:03.776075: W scikitplot.cleanprompt._scale 140164961955968 probe_scale.py:124:<module>] record about <redacted>
2026-10-10 00:20:03.776122: W scikitplot.cleanprompt._scale 140164961955968 probe_scale.py:124:<module>] record about <redacted>
2026-10-10 00:20:03.776168: W scikitplot.cleanprompt._scale 140164961955968 probe_scale.py:124:<module>] record about <redacted>
2026-10-10 00:20:03.776214: W scikitplot.cleanprompt._scale 140164961955968 probe_scale.py:124:<module>] record about <redacted>
2026-10-10 00:20:03.776261: W scikitplot.cleanprompt._scale 140164961955968 probe_scale.py:124:<module>] record about <redacted>
2026-10-10 00:20:03.776307: W scikitplot.cleanprompt._scale 140164961955968 probe_scale.py:124:<module>] record about <redacted>
2026-10-10 00:20:03.776354: W scikitplot.cleanprompt._scale 140164961955968 probe_scale.py:124:<module>] record about <redacted>
2026-10-10 00:20:03.776400: W scikitplot.cleanprompt._scale 140164961955968 probe_scale.py:124:<module>] record about <redacted>
2026-10-10 00:20:03.776445: W scikitplot.cleanprompt._scale 140164961955968 probe_scale.py:124:<module>] record about <redacted>
2026-10-10 00:20:03.776491: W scikitplot.cleanprompt._scale 140164961955968 probe_scale.py:124:<module>] record about <redacted>
2026-10-10 00:20:03.776536: W scikitplot.cleanprompt._scale 140164961955968 probe_scale.py:124:<module>] record about <redacted>
2026-10-10 00:20:03.776582: W scikitplot.cleanprompt._scale 140164961955968 probe_scale.py:124:<module>] record about <redacted>
2026-10-10 00:20:03.776662: W scikitplot.cleanprompt._scale 140164961955968 probe_scale.py:124:<module>] record about <redacted>
2026-10-10 00:20:03.776716: W scikitplot.cleanprompt._scale 140164961955968 probe_scale.py:124:<module>] record about <redacted>
2026-10-10 00:20:03.776764: W scikitplot.cleanprompt._scale 140164961955968 probe_scale.py:124:<module>] record about <redacted>
2026-10-10 00:20:03.776811: W scikitplot.cleanprompt._scale 140164961955968 probe_scale.py:124:<module>] record about <redacted>
2026-10-10 00:20:03.776858: W scikitplot.cleanprompt._scale 140164961955968 probe_scale.py:124:<module>] record about <redacted>
2026-10-10 00:20:03.776911: W scikitplot.cleanprompt._scale 140164961955968 probe_scale.py:124:<module>] record about <redacted>
2026-10-10 00:20:03.776960: W scikitplot.cleanprompt._scale 140164961955968 probe_scale.py:124:<module>] record about <redacted>
2026-10-10 00:20:03.777007: W scikitplot.cleanprompt._scale 140164961955968 probe_scale.py:124:<module>] record about <redacted>
2026-10-10 00:20:03.777053: W scikitplot.cleanprompt._scale 140164961955968 probe_scale.py:124:<module>] record about <redacted>
2026-10-10 00:20:03.777101: W scikitplot.cleanprompt._scale 140164961955968 probe_scale.py:124:<module>] record about <redacted>
2026-10-10 00:20:03.777146: W scikitplot.cleanprompt._scale 140164961955968 probe_scale.py:124:<module>] record about <redacted>
2026-10-10 00:20:03.777198: W scikitplot.cleanprompt._scale 140164961955968 probe_scale.py:124:<module>] record about <redacted>
2026-10-10 00:20:03.777247: W scikitplot.cleanprompt._scale 140164961955968 probe_scale.py:124:<module>] record about <redacted>
2026-10-10 00:20:03.777294: W scikitplot.cleanprompt._scale 140164961955968 probe_scale.py:124:<module>] record about <redacted>
2026-10-10 00:20:03.777339: W scikitplot.cleanprompt._scale 140164961955968 probe_scale.py:124:<module>] record about <redacted>
2026-10-10 00:20:03.777385: W scikitplot.cleanprompt._scale 140164961955968 probe_scale.py:124:<module>] record about <redacted>
2026-10-10 00:20:03.777431: W scikitplot.cleanprompt._scale 140164961955968 probe_scale.py:124:<module>] record about <redacted>
2026-10-10 00:20:03.777477: W scikitplot.cleanprompt._scale 140164961955968 probe_scale.py:124:<module>] record about <redacted>
2026-10-10 00:20:03.777523: W scikitplot.cleanprompt._scale 140164961955968 probe_scale.py:124:<module>] record about <redacted>
2026-10-10 00:20:03.777569: W scikitplot.cleanprompt._scale 140164961955968 probe_scale.py:124:<module>] record about <redacted>
2026-10-10 00:20:03.777645: W scikitplot.cleanprompt._scale 140164961955968 probe_scale.py:124:<module>] record about <redacted>
2026-10-10 00:20:03.777704: W scikitplot.cleanprompt._scale 140164961955968 probe_scale.py:124:<module>] record about <redacted>
2026-10-10 00:20:03.777754: W scikitplot.cleanprompt._scale 140164961955968 probe_scale.py:124:<module>] record about <redacted>
2026-10-10 00:20:03.777800: W scikitplot.cleanprompt._scale 140164961955968 probe_scale.py:124:<module>] record about <redacted>
2026-10-10 00:20:03.777848: W scikitplot.cleanprompt._scale 140164961955968 probe_scale.py:124:<module>] record about <redacted>
2026-10-10 00:20:03.777894: W scikitplot.cleanprompt._scale 140164961955968 probe_scale.py:124:<module>] record about <redacted>
2026-10-10 00:20:03.777948: W scikitplot.cleanprompt._scale 140164961955968 probe_scale.py:124:<module>] record about <redacted>
2026-10-10 00:20:03.777994: W scikitplot.cleanprompt._scale 140164961955968 probe_scale.py:124:<module>] record about <redacted>
2026-10-10 00:20:03.778041: W scikitplot.cleanprompt._scale 140164961955968 probe_scale.py:124:<module>] record about <redacted>
2026-10-10 00:20:03.778086: W scikitplot.cleanprompt._scale 140164961955968 probe_scale.py:124:<module>] record about <redacted>
2026-10-10 00:20:03.778133: W scikitplot.cleanprompt._scale 140164961955968 probe_scale.py:124:<module>] record about <redacted>
2026-10-10 00:20:03.778180: W scikitplot.cleanprompt._scale 140164961955968 probe_scale.py:124:<module>] record about <redacted>
2026-10-10 00:20:03.778241: W scikitplot.cleanprompt._scale 140164961955968 probe_scale.py:124:<module>] record about <redacted>
2026-10-10 00:20:03.778308: W scikitplot.cleanprompt._scale 140164961955968 probe_scale.py:124:<module>] record about <redacted>
2026-10-10 00:20:03.778354: W scikitplot.cleanprompt._scale 140164961955968 probe_scale.py:124:<module>] record about <redacted>
2026-10-10 00:20:03.778401: W scikitplot.cleanprompt._scale 140164961955968 probe_scale.py:124:<module>] record about <redacted>
2026-10-10 00:20:03.778449: W scikitplot.cleanprompt._scale 140164961955968 probe_scale.py:124:<module>] record about <redacted>
2026-10-10 00:20:03.778497: W scikitplot.cleanprompt._scale 140164961955968 probe_scale.py:124:<module>] record about <redacted>
2026-10-10 00:20:03.778543: W scikitplot.cleanprompt._scale 140164961955968 probe_scale.py:124:<module>] record about <redacted>
2026-10-10 00:20:03.778590: W scikitplot.cleanprompt._scale 140164961955968 probe_scale.py:124:<module>] record about <redacted>
2026-10-10 00:20:03.778729: W scikitplot.cleanprompt._scale 140164961955968 probe_scale.py:124:<module>] record about <redacted>
2026-10-10 00:20:03.778826: W scikitplot.cleanprompt._scale 140164961955968 probe_scale.py:124:<module>] record about <redacted>
2026-10-10 00:20:03.778877: W scikitplot.cleanprompt._scale 140164961955968 probe_scale.py:124:<module>] record about <redacted>
2026-10-10 00:20:03.778942: W scikitplot.cleanprompt._scale 140164961955968 probe_scale.py:124:<module>] record about <redacted>
2026-10-10 00:20:03.778992: W scikitplot.cleanprompt._scale 140164961955968 probe_scale.py:124:<module>] record about <redacted>
2026-10-10 00:20:03.779040: W scikitplot.cleanprompt._scale 140164961955968 probe_scale.py:124:<module>] record about <redacted>
2026-10-10 00:20:03.779086: W scikitplot.cleanprompt._scale 140164961955968 probe_scale.py:124:<module>] record about <redacted>
2026-10-10 00:20:03.779134: W scikitplot.cleanprompt._scale 140164961955968 probe_scale.py:124:<module>] record about <redacted>
2026-10-10 00:20:03.779180: W scikitplot.cleanprompt._scale 140164961955968 probe_scale.py:124:<module>] record about <redacted>
2026-10-10 00:20:03.779226: W scikitplot.cleanprompt._scale 140164961955968 probe_scale.py:124:<module>] record about <redacted>
2026-10-10 00:20:03.779273: W scikitplot.cleanprompt._scale 140164961955968 probe_scale.py:124:<module>] record about <redacted>
2026-10-10 00:20:03.779319: W scikitplot.cleanprompt._scale 140164961955968 probe_scale.py:124:<module>] record about <redacted>
2026-10-10 00:20:03.779365: W scikitplot.cleanprompt._scale 140164961955968 probe_scale.py:124:<module>] record about <redacted>
2026-10-10 00:20:03.779410: W scikitplot.cleanprompt._scale 140164961955968 probe_scale.py:124:<module>] record about <redacted>
2026-10-10 00:20:03.779457: W scikitplot.cleanprompt._scale 140164961955968 probe_scale.py:124:<module>] record about <redacted>
2026-10-10 00:20:03.779504: W scikitplot.cleanprompt._scale 140164961955968 probe_scale.py:124:<module>] record about <redacted>
2026-10-10 00:20:03.779551: W scikitplot.cleanprompt._scale 140164961955968 probe_scale.py:124:<module>] record about <redacted>
2026-10-10 00:20:03.779597: W scikitplot.cleanprompt._scale 140164961955968 probe_scale.py:124:<module>] record about <redacted>
2026-10-10 00:20:03.779687: W scikitplot.cleanprompt._scale 140164961955968 probe_scale.py:124:<module>] record about <redacted>
2026-10-10 00:20:03.779738: W scikitplot.cleanprompt._scale 140164961955968 probe_scale.py:124:<module>] record about <redacted>
2026-10-10 00:20:03.779788: W scikitplot.cleanprompt._scale 140164961955968 probe_scale.py:124:<module>] record about <redacted>
2026-10-10 00:20:03.779836: W scikitplot.cleanprompt._scale 140164961955968 probe_scale.py:124:<module>] record about <redacted>
2026-10-10 00:20:03.779911: W scikitplot.cleanprompt._scale 140164961955968 probe_scale.py:124:<module>] record about <redacted>
2026-10-10 00:20:03.779960: W scikitplot.cleanprompt._scale 140164961955968 probe_scale.py:124:<module>] record about <redacted>
2026-10-10 00:20:03.780008: W scikitplot.cleanprompt._scale 140164961955968 probe_scale.py:124:<module>] record about <redacted>
2026-10-10 00:20:03.780057: W scikitplot.cleanprompt._scale 140164961955968 probe_scale.py:124:<module>] record about <redacted>
2026-10-10 00:20:03.780104: W scikitplot.cleanprompt._scale 140164961955968 probe_scale.py:124:<module>] record about <redacted>
2026-10-10 00:20:03.780151: W scikitplot.cleanprompt._scale 140164961955968 probe_scale.py:124:<module>] record about <redacted>
2026-10-10 00:20:03.780197: W scikitplot.cleanprompt._scale 140164961955968 probe_scale.py:124:<module>] record about <redacted>
2026-10-10 00:20:03.780243: W scikitplot.cleanprompt._scale 140164961955968 probe_scale.py:124:<module>] record about <redacted>
2026-10-10 00:20:03.780289: W scikitplot.cleanprompt._scale 140164961955968 probe_scale.py:124:<module>] record about <redacted>
2026-10-10 00:20:03.780335: W scikitplot.cleanprompt._scale 140164961955968 probe_scale.py:124:<module>] record about <redacted>
2026-10-10 00:20:03.780381: W scikitplot.cleanprompt._scale 140164961955968 probe_scale.py:124:<module>] record about <redacted>
2026-10-10 00:20:03.780426: W scikitplot.cleanprompt._scale 140164961955968 probe_scale.py:124:<module>] record about <redacted>
2026-10-10 00:20:03.780479: W scikitplot.cleanprompt._scale 140164961955968 probe_scale.py:124:<module>] record about <redacted>
2026-10-10 00:20:03.780527: W scikitplot.cleanprompt._scale 140164961955968 probe_scale.py:124:<module>] record about <redacted>
2026-10-10 00:20:03.780572: W scikitplot.cleanprompt._scale 140164961955968 probe_scale.py:124:<module>] record about <redacted>
2026-10-10 00:20:03.780653: W scikitplot.cleanprompt._scale 140164961955968 probe_scale.py:124:<module>] record about <redacted>
2026-10-10 00:20:03.780709: W scikitplot.cleanprompt._scale 140164961955968 probe_scale.py:124:<module>] record about <redacted>
2026-10-10 00:20:03.780756: W scikitplot.cleanprompt._scale 140164961955968 probe_scale.py:124:<module>] record about <redacted>
2026-10-10 00:20:03.780804: W scikitplot.cleanprompt._scale 140164961955968 probe_scale.py:124:<module>] record about <redacted>
2026-10-10 00:20:03.780851: W scikitplot.cleanprompt._scale 140164961955968 probe_scale.py:124:<module>] record about <redacted>
2026-10-10 00:20:03.780916: W scikitplot.cleanprompt._scale 140164961955968 probe_scale.py:124:<module>] record about <redacted>
2026-10-10 00:20:03.780965: W scikitplot.cleanprompt._scale 140164961955968 probe_scale.py:124:<module>] record about <redacted>
2026-10-10 00:20:03.781011: W scikitplot.cleanprompt._scale 140164961955968 probe_scale.py:124:<module>] record about <redacted>
2026-10-10 00:20:03.781057: W scikitplot.cleanprompt._scale 140164961955968 probe_scale.py:124:<module>] record about <redacted>
2026-10-10 00:20:03.781103: W scikitplot.cleanprompt._scale 140164961955968 probe_scale.py:124:<module>] record about <redacted>
2026-10-10 00:20:03.781148: W scikitplot.cleanprompt._scale 140164961955968 probe_scale.py:124:<module>] record about <redacted>
2026-10-10 00:20:03.781195: W scikitplot.cleanprompt._scale 140164961955968 probe_scale.py:124:<module>] record about <redacted>
2026-10-10 00:20:03.781245: W scikitplot.cleanprompt._scale 140164961955968 probe_scale.py:124:<module>] record about <redacted>
2026-10-10 00:20:03.781292: W scikitplot.cleanprompt._scale 140164961955968 probe_scale.py:124:<module>] record about <redacted>
2026-10-10 00:20:03.781340: W scikitplot.cleanprompt._scale 140164961955968 probe_scale.py:124:<module>] record about <redacted>
2026-10-10 00:20:03.781387: W scikitplot.cleanprompt._scale 140164961955968 probe_scale.py:124:<module>] record about <redacted>
2026-10-10 00:20:03.781433: W scikitplot.cleanprompt._scale 140164961955968 probe_scale.py:124:<module>] record about <redacted>
2026-10-10 00:20:03.781480: W scikitplot.cleanprompt._scale 140164961955968 probe_scale.py:124:<module>] record about <redacted>
2026-10-10 00:20:03.781526: W scikitplot.cleanprompt._scale 140164961955968 probe_scale.py:124:<module>] record about <redacted>
2026-10-10 00:20:03.781572: W scikitplot.cleanprompt._scale 140164961955968 probe_scale.py:124:<module>] record about <redacted>
2026-10-10 00:20:03.781650: W scikitplot.cleanprompt._scale 140164961955968 probe_scale.py:124:<module>] record about <redacted>
2026-10-10 00:20:03.781708: W scikitplot.cleanprompt._scale 140164961955968 probe_scale.py:124:<module>] record about <redacted>
2026-10-10 00:20:03.781756: W scikitplot.cleanprompt._scale 140164961955968 probe_scale.py:124:<module>] record about <redacted>
2026-10-10 00:20:03.781803: W scikitplot.cleanprompt._scale 140164961955968 probe_scale.py:124:<module>] record about <redacted>
2026-10-10 00:20:03.781849: W scikitplot.cleanprompt._scale 140164961955968 probe_scale.py:124:<module>] record about <redacted>
2026-10-10 00:20:03.781904: W scikitplot.cleanprompt._scale 140164961955968 probe_scale.py:124:<module>] record about <redacted>
2026-10-10 00:20:03.781955: W scikitplot.cleanprompt._scale 140164961955968 probe_scale.py:124:<module>] record about <redacted>
2026-10-10 00:20:03.782001: W scikitplot.cleanprompt._scale 140164961955968 probe_scale.py:124:<module>] record about <redacted>
2026-10-10 00:20:03.782048: W scikitplot.cleanprompt._scale 140164961955968 probe_scale.py:124:<module>] record about <redacted>
2026-10-10 00:20:03.782099: W scikitplot.cleanprompt._scale 140164961955968 probe_scale.py:124:<module>] record about <redacted>
2026-10-10 00:20:03.782146: W scikitplot.cleanprompt._scale 140164961955968 probe_scale.py:124:<module>] record about <redacted>
2026-10-10 00:20:03.782193: W scikitplot.cleanprompt._scale 140164961955968 probe_scale.py:124:<module>] record about <redacted>
2026-10-10 00:20:03.782239: W scikitplot.cleanprompt._scale 140164961955968 probe_scale.py:124:<module>] record about <redacted>
2026-10-10 00:20:03.782286: W scikitplot.cleanprompt._scale 140164961955968 probe_scale.py:124:<module>] record about <redacted>
2026-10-10 00:20:03.782332: W scikitplot.cleanprompt._scale 140164961955968 probe_scale.py:124:<module>] record about <redacted>
2026-10-10 00:20:03.782377: W scikitplot.cleanprompt._scale 140164961955968 probe_scale.py:124:<module>] record about <redacted>
2026-10-10 00:20:03.782423: W scikitplot.cleanprompt._scale 140164961955968 probe_scale.py:124:<module>] record about <redacted>
2026-10-10 00:20:03.782470: W scikitplot.cleanprompt._scale 140164961955968 probe_scale.py:124:<module>] record about <redacted>
2026-10-10 00:20:03.782515: W scikitplot.cleanprompt._scale 140164961955968 probe_scale.py:124:<module>] record about <redacted>
2026-10-10 00:20:03.782561: W scikitplot.cleanprompt._scale 140164961955968 probe_scale.py:124:<module>] record about <redacted>
2026-10-10 00:20:03.782636: W scikitplot.cleanprompt._scale 140164961955968 probe_scale.py:124:<module>] record about <redacted>
2026-10-10 00:20:03.782739: W scikitplot.cleanprompt._scale 140164961955968 probe_scale.py:124:<module>] record about <redacted>
2026-10-10 00:20:03.782795: W scikitplot.cleanprompt._scale 140164961955968 probe_scale.py:124:<module>] record about <redacted>
2026-10-10 00:20:03.782844: W scikitplot.cleanprompt._scale 140164961955968 probe_scale.py:124:<module>] record about <redacted>
2026-10-10 00:20:03.782891: W scikitplot.cleanprompt._scale 140164961955968 probe_scale.py:124:<module>] record about <redacted>
2026-10-10 00:20:03.782947: W scikitplot.cleanprompt._scale 140164961955968 probe_scale.py:124:<module>] record about <redacted>
2026-10-10 00:20:03.782993: W scikitplot.cleanprompt._scale 140164961955968 probe_scale.py:124:<module>] record about <redacted>
2026-10-10 00:20:03.783041: W scikitplot.cleanprompt._scale 140164961955968 probe_scale.py:124:<module>] record about <redacted>
2026-10-10 00:20:03.783087: W scikitplot.cleanprompt._scale 140164961955968 probe_scale.py:124:<module>] record about <redacted>
2026-10-10 00:20:03.783133: W scikitplot.cleanprompt._scale 140164961955968 probe_scale.py:124:<module>] record about <redacted>
2026-10-10 00:20:03.783179: W scikitplot.cleanprompt._scale 140164961955968 probe_scale.py:124:<module>] record about <redacted>
2026-10-10 00:20:03.783225: W scikitplot.cleanprompt._scale 140164961955968 probe_scale.py:124:<module>] record about <redacted>
2026-10-10 00:20:03.783272: W scikitplot.cleanprompt._scale 140164961955968 probe_scale.py:124:<module>] record about <redacted>
2026-10-10 00:20:03.783319: W scikitplot.cleanprompt._scale 140164961955968 probe_scale.py:124:<module>] record about <redacted>
2026-10-10 00:20:03.783364: W scikitplot.cleanprompt._scale 140164961955968 probe_scale.py:124:<module>] record about <redacted>
2026-10-10 00:20:03.783410: W scikitplot.cleanprompt._scale 140164961955968 probe_scale.py:124:<module>] record about <redacted>
2026-10-10 00:20:03.783456: W scikitplot.cleanprompt._scale 140164961955968 probe_scale.py:124:<module>] record about <redacted>
2026-10-10 00:20:03.783503: W scikitplot.cleanprompt._scale 140164961955968 probe_scale.py:124:<module>] record about <redacted>
2026-10-10 00:20:03.783550: W scikitplot.cleanprompt._scale 140164961955968 probe_scale.py:124:<module>] record about <redacted>
2026-10-10 00:20:03.783596: W scikitplot.cleanprompt._scale 140164961955968 probe_scale.py:124:<module>] record about <redacted>
2026-10-10 00:20:03.783684: W scikitplot.cleanprompt._scale 140164961955968 probe_scale.py:124:<module>] record about <redacted>
2026-10-10 00:20:03.783743: W scikitplot.cleanprompt._scale 140164961955968 probe_scale.py:124:<module>] record about <redacted>
2026-10-10 00:20:03.783792: W scikitplot.cleanprompt._scale 140164961955968 probe_scale.py:124:<module>] record about <redacted>
2026-10-10 00:20:03.783840: W scikitplot.cleanprompt._scale 140164961955968 probe_scale.py:124:<module>] record about <redacted>
2026-10-10 00:20:03.783887: W scikitplot.cleanprompt._scale 140164961955968 probe_scale.py:124:<module>] record about <redacted>
2026-10-10 00:20:03.783941: W scikitplot.cleanprompt._scale 140164961955968 probe_scale.py:124:<module>] record about <redacted>
2026-10-10 00:20:03.783988: W scikitplot.cleanprompt._scale 140164961955968 probe_scale.py:124:<module>] record about <redacted>
2026-10-10 00:20:03.784034: W scikitplot.cleanprompt._scale 140164961955968 probe_scale.py:124:<module>] record about <redacted>
2026-10-10 00:20:03.784081: W scikitplot.cleanprompt._scale 140164961955968 probe_scale.py:124:<module>] record about <redacted>
2026-10-10 00:20:03.784128: W scikitplot.cleanprompt._scale 140164961955968 probe_scale.py:124:<module>] record about <redacted>
2026-10-10 00:20:03.784174: W scikitplot.cleanprompt._scale 140164961955968 probe_scale.py:124:<module>] record about <redacted>
2026-10-10 00:20:03.784221: W scikitplot.cleanprompt._scale 140164961955968 probe_scale.py:124:<module>] record about <redacted>
2026-10-10 00:20:03.784266: W scikitplot.cleanprompt._scale 140164961955968 probe_scale.py:124:<module>] record about <redacted>
2026-10-10 00:20:03.784312: W scikitplot.cleanprompt._scale 140164961955968 probe_scale.py:124:<module>] record about <redacted>
2026-10-10 00:20:03.784357: W scikitplot.cleanprompt._scale 140164961955968 probe_scale.py:124:<module>] record about <redacted>
2026-10-10 00:20:03.784404: W scikitplot.cleanprompt._scale 140164961955968 probe_scale.py:124:<module>] record about <redacted>
2026-10-10 00:20:03.784450: W scikitplot.cleanprompt._scale 140164961955968 probe_scale.py:124:<module>] record about <redacted>
2026-10-10 00:20:03.784496: W scikitplot.cleanprompt._scale 140164961955968 probe_scale.py:124:<module>] record about <redacted>
2026-10-10 00:20:03.784542: W scikitplot.cleanprompt._scale 140164961955968 probe_scale.py:124:<module>] record about <redacted>
2026-10-10 00:20:03.784588: W scikitplot.cleanprompt._scale 140164961955968 probe_scale.py:124:<module>] record about <redacted>
2026-10-10 00:20:03.784673: W scikitplot.cleanprompt._scale 140164961955968 probe_scale.py:124:<module>] record about <redacted>
2026-10-10 00:20:03.784724: W scikitplot.cleanprompt._scale 140164961955968 probe_scale.py:124:<module>] record about <redacted>
2026-10-10 00:20:03.784771: W scikitplot.cleanprompt._scale 140164961955968 probe_scale.py:124:<module>] record about <redacted>
2026-10-10 00:20:03.784816: W scikitplot.cleanprompt._scale 140164961955968 probe_scale.py:124:<module>] record about <redacted>
2026-10-10 00:20:03.784863: W scikitplot.cleanprompt._scale 140164961955968 probe_scale.py:124:<module>] record about <redacted>
2026-10-10 00:20:03.784919: W scikitplot.cleanprompt._scale 140164961955968 probe_scale.py:124:<module>] record about <redacted>
2026-10-10 00:20:03.784966: W scikitplot.cleanprompt._scale 140164961955968 probe_scale.py:124:<module>] record about <redacted>
2026-10-10 00:20:03.785012: W scikitplot.cleanprompt._scale 140164961955968 probe_scale.py:124:<module>] record about <redacted>
2026-10-10 00:20:03.785060: W scikitplot.cleanprompt._scale 140164961955968 probe_scale.py:124:<module>] record about <redacted>
2026-10-10 00:20:03.785107: W scikitplot.cleanprompt._scale 140164961955968 probe_scale.py:124:<module>] record about <redacted>
2026-10-10 00:20:03.785153: W scikitplot.cleanprompt._scale 140164961955968 probe_scale.py:124:<module>] record about <redacted>
2026-10-10 00:20:03.785200: W scikitplot.cleanprompt._scale 140164961955968 probe_scale.py:124:<module>] record about <redacted>
2026-10-10 00:20:03.785247: W scikitplot.cleanprompt._scale 140164961955968 probe_scale.py:124:<module>] record about <redacted>
2026-10-10 00:20:03.785301: W scikitplot.cleanprompt._scale 140164961955968 probe_scale.py:124:<module>] record about <redacted>
2026-10-10 00:20:03.785349: W scikitplot.cleanprompt._scale 140164961955968 probe_scale.py:124:<module>] record about <redacted>
2026-10-10 00:20:03.785394: W scikitplot.cleanprompt._scale 140164961955968 probe_scale.py:124:<module>] record about <redacted>
2026-10-10 00:20:03.785440: W scikitplot.cleanprompt._scale 140164961955968 probe_scale.py:124:<module>] record about <redacted>
2026-10-10 00:20:03.785485: W scikitplot.cleanprompt._scale 140164961955968 probe_scale.py:124:<module>] record about <redacted>
2026-10-10 00:20:03.785530: W scikitplot.cleanprompt._scale 140164961955968 probe_scale.py:124:<module>] record about <redacted>
2026-10-10 00:20:03.785576: W scikitplot.cleanprompt._scale 140164961955968 probe_scale.py:124:<module>] record about <redacted>
2026-10-10 00:20:03.785657: W scikitplot.cleanprompt._scale 140164961955968 probe_scale.py:124:<module>] record about <redacted>
2026-10-10 00:20:03.785711: W scikitplot.cleanprompt._scale 140164961955968 probe_scale.py:124:<module>] record about <redacted>
2026-10-10 00:20:03.785760: W scikitplot.cleanprompt._scale 140164961955968 probe_scale.py:124:<module>] record about <redacted>
2026-10-10 00:20:03.785808: W scikitplot.cleanprompt._scale 140164961955968 probe_scale.py:124:<module>] record about <redacted>
2026-10-10 00:20:03.785855: W scikitplot.cleanprompt._scale 140164961955968 probe_scale.py:124:<module>] record about <redacted>
2026-10-10 00:20:03.785906: W scikitplot.cleanprompt._scale 140164961955968 probe_scale.py:124:<module>] record about <redacted>
2026-10-10 00:20:03.785955: W scikitplot.cleanprompt._scale 140164961955968 probe_scale.py:124:<module>] record about <redacted>
2026-10-10 00:20:03.786002: W scikitplot.cleanprompt._scale 140164961955968 probe_scale.py:124:<module>] record about <redacted>
2026-10-10 00:20:03.786049: W scikitplot.cleanprompt._scale 140164961955968 probe_scale.py:124:<module>] record about <redacted>
2026-10-10 00:20:03.786098: W scikitplot.cleanprompt._scale 140164961955968 probe_scale.py:124:<module>] record about <redacted>
2026-10-10 00:20:03.786144: W scikitplot.cleanprompt._scale 140164961955968 probe_scale.py:124:<module>] record about <redacted>
2026-10-10 00:20:03.786192: W scikitplot.cleanprompt._scale 140164961955968 probe_scale.py:124:<module>] record about <redacted>
2026-10-10 00:20:03.786238: W scikitplot.cleanprompt._scale 140164961955968 probe_scale.py:124:<module>] record about <redacted>
2026-10-10 00:20:03.786284: W scikitplot.cleanprompt._scale 140164961955968 probe_scale.py:124:<module>] record about <redacted>
2026-10-10 00:20:03.786330: W scikitplot.cleanprompt._scale 140164961955968 probe_scale.py:124:<module>] record about <redacted>
2026-10-10 00:20:03.786376: W scikitplot.cleanprompt._scale 140164961955968 probe_scale.py:124:<module>] record about <redacted>
2026-10-10 00:20:03.786423: W scikitplot.cleanprompt._scale 140164961955968 probe_scale.py:124:<module>] record about <redacted>
2026-10-10 00:20:03.786472: W scikitplot.cleanprompt._scale 140164961955968 probe_scale.py:124:<module>] record about <redacted>
2026-10-10 00:20:03.786519: W scikitplot.cleanprompt._scale 140164961955968 probe_scale.py:124:<module>] record about <redacted>
2026-10-10 00:20:03.786565: W scikitplot.cleanprompt._scale 140164961955968 probe_scale.py:124:<module>] record about <redacted>
2026-10-10 00:20:03.786639: W scikitplot.cleanprompt._scale 140164961955968 probe_scale.py:124:<module>] record about <redacted>
2026-10-10 00:20:03.786767: W scikitplot.cleanprompt._scale 140164961955968 probe_scale.py:124:<module>] record about <redacted>
2026-10-10 00:20:03.786828: W scikitplot.cleanprompt._scale 140164961955968 probe_scale.py:124:<module>] record about <redacted>
2026-10-10 00:20:03.786878: W scikitplot.cleanprompt._scale 140164961955968 probe_scale.py:124:<module>] record about <redacted>
2026-10-10 00:20:03.786938: W scikitplot.cleanprompt._scale 140164961955968 probe_scale.py:124:<module>] record about <redacted>
2026-10-10 00:20:03.786986: W scikitplot.cleanprompt._scale 140164961955968 probe_scale.py:124:<module>] record about <redacted>
2026-10-10 00:20:03.787033: W scikitplot.cleanprompt._scale 140164961955968 probe_scale.py:124:<module>] record about <redacted>
2026-10-10 00:20:03.787079: W scikitplot.cleanprompt._scale 140164961955968 probe_scale.py:124:<module>] record about <redacted>
2026-10-10 00:20:03.787127: W scikitplot.cleanprompt._scale 140164961955968 probe_scale.py:124:<module>] record about <redacted>
2026-10-10 00:20:03.787174: W scikitplot.cleanprompt._scale 140164961955968 probe_scale.py:124:<module>] record about <redacted>
2026-10-10 00:20:03.787220: W scikitplot.cleanprompt._scale 140164961955968 probe_scale.py:124:<module>] record about <redacted>
2026-10-10 00:20:03.787266: W scikitplot.cleanprompt._scale 140164961955968 probe_scale.py:124:<module>] record about <redacted>
2026-10-10 00:20:03.787312: W scikitplot.cleanprompt._scale 140164961955968 probe_scale.py:124:<module>] record about <redacted>
2026-10-10 00:20:03.787358: W scikitplot.cleanprompt._scale 140164961955968 probe_scale.py:124:<module>] record about <redacted>
2026-10-10 00:20:03.787405: W scikitplot.cleanprompt._scale 140164961955968 probe_scale.py:124:<module>] record about <redacted>
2026-10-10 00:20:03.787451: W scikitplot.cleanprompt._scale 140164961955968 probe_scale.py:124:<module>] record about <redacted>
2026-10-10 00:20:03.787498: W scikitplot.cleanprompt._scale 140164961955968 probe_scale.py:124:<module>] record about <redacted>
2026-10-10 00:20:03.787544: W scikitplot.cleanprompt._scale 140164961955968 probe_scale.py:124:<module>] record about <redacted>
2026-10-10 00:20:03.787589: W scikitplot.cleanprompt._scale 140164961955968 probe_scale.py:124:<module>] record about <redacted>
2026-10-10 00:20:03.787676: W scikitplot.cleanprompt._scale 140164961955968 probe_scale.py:124:<module>] record about <redacted>
2026-10-10 00:20:03.787730: W scikitplot.cleanprompt._scale 140164961955968 probe_scale.py:124:<module>] record about <redacted>
2026-10-10 00:20:03.787777: W scikitplot.cleanprompt._scale 140164961955968 probe_scale.py:124:<module>] record about <redacted>
2026-10-10 00:20:03.787823: W scikitplot.cleanprompt._scale 140164961955968 probe_scale.py:124:<module>] record about <redacted>
2026-10-10 00:20:03.787869: W scikitplot.cleanprompt._scale 140164961955968 probe_scale.py:124:<module>] record about <redacted>
2026-10-10 00:20:03.787924: W scikitplot.cleanprompt._scale 140164961955968 probe_scale.py:124:<module>] record about <redacted>
2026-10-10 00:20:03.787972: W scikitplot.cleanprompt._scale 140164961955968 probe_scale.py:124:<module>] record about <redacted>
2026-10-10 00:20:03.788019: W scikitplot.cleanprompt._scale 140164961955968 probe_scale.py:124:<module>] record about <redacted>
2026-10-10 00:20:03.788066: W scikitplot.cleanprompt._scale 140164961955968 probe_scale.py:124:<module>] record about <redacted>
2026-10-10 00:20:03.788113: W scikitplot.cleanprompt._scale 140164961955968 probe_scale.py:124:<module>] record about <redacted>
2026-10-10 00:20:03.788159: W scikitplot.cleanprompt._scale 140164961955968 probe_scale.py:124:<module>] record about <redacted>
2026-10-10 00:20:03.788206: W scikitplot.cleanprompt._scale 140164961955968 probe_scale.py:124:<module>] record about <redacted>
2026-10-10 00:20:03.788252: W scikitplot.cleanprompt._scale 140164961955968 probe_scale.py:124:<module>] record about <redacted>
2026-10-10 00:20:03.788297: W scikitplot.cleanprompt._scale 140164961955968 probe_scale.py:124:<module>] record about <redacted>
2026-10-10 00:20:03.788343: W scikitplot.cleanprompt._scale 140164961955968 probe_scale.py:124:<module>] record about <redacted>
2026-10-10 00:20:03.788389: W scikitplot.cleanprompt._scale 140164961955968 probe_scale.py:124:<module>] record about <redacted>
2026-10-10 00:20:03.788435: W scikitplot.cleanprompt._scale 140164961955968 probe_scale.py:124:<module>] record about <redacted>
2026-10-10 00:20:03.788487: W scikitplot.cleanprompt._scale 140164961955968 probe_scale.py:124:<module>] record about <redacted>
2026-10-10 00:20:03.788536: W scikitplot.cleanprompt._scale 140164961955968 probe_scale.py:124:<module>] record about <redacted>
2026-10-10 00:20:03.788581: W scikitplot.cleanprompt._scale 140164961955968 probe_scale.py:124:<module>] record about <redacted>
2026-10-10 00:20:03.788662: W scikitplot.cleanprompt._scale 140164961955968 probe_scale.py:124:<module>] record about <redacted>
2026-10-10 00:20:03.788736: W scikitplot.cleanprompt._scale 140164961955968 probe_scale.py:124:<module>] record about <redacted>
2026-10-10 00:20:03.788817: W scikitplot.cleanprompt._scale 140164961955968 probe_scale.py:124:<module>] record about <redacted>
2026-10-10 00:20:03.788864: W scikitplot.cleanprompt._scale 140164961955968 probe_scale.py:124:<module>] record about <redacted>
2026-10-10 00:20:03.788919: W scikitplot.cleanprompt._scale 140164961955968 probe_scale.py:124:<module>] record about <redacted>
2026-10-10 00:20:03.788966: W scikitplot.cleanprompt._scale 140164961955968 probe_scale.py:124:<module>] record about <redacted>
2026-10-10 00:20:03.789012: W scikitplot.cleanprompt._scale 140164961955968 probe_scale.py:124:<module>] record about <redacted>
2026-10-10 00:20:03.789058: W scikitplot.cleanprompt._scale 140164961955968 probe_scale.py:124:<module>] record about <redacted>
2026-10-10 00:20:03.789103: W scikitplot.cleanprompt._scale 140164961955968 probe_scale.py:124:<module>] record about <redacted>
2026-10-10 00:20:03.789148: W scikitplot.cleanprompt._scale 140164961955968 probe_scale.py:124:<module>] record about <redacted>
2026-10-10 00:20:03.789194: W scikitplot.cleanprompt._scale 140164961955968 probe_scale.py:124:<module>] record about <redacted>
2026-10-10 00:20:03.789240: W scikitplot.cleanprompt._scale 140164961955968 probe_scale.py:124:<module>] record about <redacted>
2026-10-10 00:20:03.789286: W scikitplot.cleanprompt._scale 140164961955968 probe_scale.py:124:<module>] record about <redacted>
2026-10-10 00:20:03.789334: W scikitplot.cleanprompt._scale 140164961955968 probe_scale.py:124:<module>] record about <redacted>
2026-10-10 00:20:03.789380: W scikitplot.cleanprompt._scale 140164961955968 probe_scale.py:124:<module>] record about <redacted>
2026-10-10 00:20:03.789426: W scikitplot.cleanprompt._scale 140164961955968 probe_scale.py:124:<module>] record about <redacted>
2026-10-10 00:20:03.789471: W scikitplot.cleanprompt._scale 140164961955968 probe_scale.py:124:<module>] record about <redacted>
2026-10-10 00:20:03.789517: W scikitplot.cleanprompt._scale 140164961955968 probe_scale.py:124:<module>] record about <redacted>
2026-10-10 00:20:03.789562: W scikitplot.cleanprompt._scale 140164961955968 probe_scale.py:124:<module>] record about <redacted>
2026-10-10 00:20:03.789639: W scikitplot.cleanprompt._scale 140164961955968 probe_scale.py:124:<module>] record about <redacted>
2026-10-10 00:20:03.789701: W scikitplot.cleanprompt._scale 140164961955968 probe_scale.py:124:<module>] record about <redacted>
2026-10-10 00:20:03.789750: W scikitplot.cleanprompt._scale 140164961955968 probe_scale.py:124:<module>] record about <redacted>
2026-10-10 00:20:03.789796: W scikitplot.cleanprompt._scale 140164961955968 probe_scale.py:124:<module>] record about <redacted>
2026-10-10 00:20:03.789844: W scikitplot.cleanprompt._scale 140164961955968 probe_scale.py:124:<module>] record about <redacted>
2026-10-10 00:20:03.789889: W scikitplot.cleanprompt._scale 140164961955968 probe_scale.py:124:<module>] record about <redacted>
2026-10-10 00:20:03.789941: W scikitplot.cleanprompt._scale 140164961955968 probe_scale.py:124:<module>] record about <redacted>
2026-10-10 00:20:03.789989: W scikitplot.cleanprompt._scale 140164961955968 probe_scale.py:124:<module>] record about <redacted>
2026-10-10 00:20:03.790035: W scikitplot.cleanprompt._scale 140164961955968 probe_scale.py:124:<module>] record about <redacted>
2026-10-10 00:20:03.790103: W scikitplot.cleanprompt._scale 140164961955968 probe_scale.py:124:<module>] record about <redacted>
2026-10-10 00:20:03.790157: W scikitplot.cleanprompt._scale 140164961955968 probe_scale.py:124:<module>] record about <redacted>
2026-10-10 00:20:03.790204: W scikitplot.cleanprompt._scale 140164961955968 probe_scale.py:124:<module>] record about <redacted>
2026-10-10 00:20:03.790250: W scikitplot.cleanprompt._scale 140164961955968 probe_scale.py:124:<module>] record about <redacted>
2026-10-10 00:20:03.790296: W scikitplot.cleanprompt._scale 140164961955968 probe_scale.py:124:<module>] record about <redacted>
2026-10-10 00:20:03.790344: W scikitplot.cleanprompt._scale 140164961955968 probe_scale.py:124:<module>] record about <redacted>
2026-10-10 00:20:03.790391: W scikitplot.cleanprompt._scale 140164961955968 probe_scale.py:124:<module>] record about <redacted>
2026-10-10 00:20:03.790438: W scikitplot.cleanprompt._scale 140164961955968 probe_scale.py:124:<module>] record about <redacted>
2026-10-10 00:20:03.790486: W scikitplot.cleanprompt._scale 140164961955968 probe_scale.py:124:<module>] record about <redacted>
2026-10-10 00:20:03.790531: W scikitplot.cleanprompt._scale 140164961955968 probe_scale.py:124:<module>] record about <redacted>
2026-10-10 00:20:03.790577: W scikitplot.cleanprompt._scale 140164961955968 probe_scale.py:124:<module>] record about <redacted>
2026-10-10 00:20:03.790661: W scikitplot.cleanprompt._scale 140164961955968 probe_scale.py:124:<module>] record about <redacted>
2026-10-10 00:20:03.790762: W scikitplot.cleanprompt._scale 140164961955968 probe_scale.py:124:<module>] record about <redacted>
2026-10-10 00:20:03.790813: W scikitplot.cleanprompt._scale 140164961955968 probe_scale.py:124:<module>] record about <redacted>
2026-10-10 00:20:03.790860: W scikitplot.cleanprompt._scale 140164961955968 probe_scale.py:124:<module>] record about <redacted>
2026-10-10 00:20:03.790915: W scikitplot.cleanprompt._scale 140164961955968 probe_scale.py:124:<module>] record about <redacted>
2026-10-10 00:20:03.790965: W scikitplot.cleanprompt._scale 140164961955968 probe_scale.py:124:<module>] record about <redacted>
2026-10-10 00:20:03.791012: W scikitplot.cleanprompt._scale 140164961955968 probe_scale.py:124:<module>] record about <redacted>
2026-10-10 00:20:03.791059: W scikitplot.cleanprompt._scale 140164961955968 probe_scale.py:124:<module>] record about <redacted>
2026-10-10 00:20:03.791104: W scikitplot.cleanprompt._scale 140164961955968 probe_scale.py:124:<module>] record about <redacted>
2026-10-10 00:20:03.791151: W scikitplot.cleanprompt._scale 140164961955968 probe_scale.py:124:<module>] record about <redacted>
2026-10-10 00:20:03.791196: W scikitplot.cleanprompt._scale 140164961955968 probe_scale.py:124:<module>] record about <redacted>
2026-10-10 00:20:03.791243: W scikitplot.cleanprompt._scale 140164961955968 probe_scale.py:124:<module>] record about <redacted>
2026-10-10 00:20:03.791288: W scikitplot.cleanprompt._scale 140164961955968 probe_scale.py:124:<module>] record about <redacted>
2026-10-10 00:20:03.791336: W scikitplot.cleanprompt._scale 140164961955968 probe_scale.py:124:<module>] record about <redacted>
2026-10-10 00:20:03.791381: W scikitplot.cleanprompt._scale 140164961955968 probe_scale.py:124:<module>] record about <redacted>
2026-10-10 00:20:03.791428: W scikitplot.cleanprompt._scale 140164961955968 probe_scale.py:124:<module>] record about <redacted>
2026-10-10 00:20:03.791473: W scikitplot.cleanprompt._scale 140164961955968 probe_scale.py:124:<module>] record about <redacted>
2026-10-10 00:20:03.791519: W scikitplot.cleanprompt._scale 140164961955968 probe_scale.py:124:<module>] record about <redacted>
2026-10-10 00:20:03.791565: W scikitplot.cleanprompt._scale 140164961955968 probe_scale.py:124:<module>] record about <redacted>
2026-10-10 00:20:03.791641: W scikitplot.cleanprompt._scale 140164961955968 probe_scale.py:124:<module>] record about <redacted>
2026-10-10 00:20:03.791700: W scikitplot.cleanprompt._scale 140164961955968 probe_scale.py:124:<module>] record about <redacted>
2026-10-10 00:20:03.791748: W scikitplot.cleanprompt._scale 140164961955968 probe_scale.py:124:<module>] record about <redacted>
2026-10-10 00:20:03.791804: W scikitplot.cleanprompt._scale 140164961955968 probe_scale.py:124:<module>] record about <redacted>
2026-10-10 00:20:03.791852: W scikitplot.cleanprompt._scale 140164961955968 probe_scale.py:124:<module>] record about <redacted>
2026-10-10 00:20:03.791907: W scikitplot.cleanprompt._scale 140164961955968 probe_scale.py:124:<module>] record about <redacted>
2026-10-10 00:20:03.791956: W scikitplot.cleanprompt._scale 140164961955968 probe_scale.py:124:<module>] record about <redacted>
2026-10-10 00:20:03.792003: W scikitplot.cleanprompt._scale 140164961955968 probe_scale.py:124:<module>] record about <redacted>
2026-10-10 00:20:03.792051: W scikitplot.cleanprompt._scale 140164961955968 probe_scale.py:124:<module>] record about <redacted>
2026-10-10 00:20:03.792099: W scikitplot.cleanprompt._scale 140164961955968 probe_scale.py:124:<module>] record about <redacted>
2026-10-10 00:20:03.792146: W scikitplot.cleanprompt._scale 140164961955968 probe_scale.py:124:<module>] record about <redacted>
2026-10-10 00:20:03.792192: W scikitplot.cleanprompt._scale 140164961955968 probe_scale.py:124:<module>] record about <redacted>
2026-10-10 00:20:03.792237: W scikitplot.cleanprompt._scale 140164961955968 probe_scale.py:124:<module>] record about <redacted>
2026-10-10 00:20:03.792286: W scikitplot.cleanprompt._scale 140164961955968 probe_scale.py:124:<module>] record about <redacted>
2026-10-10 00:20:03.792332: W scikitplot.cleanprompt._scale 140164961955968 probe_scale.py:124:<module>] record about <redacted>
2026-10-10 00:20:03.792379: W scikitplot.cleanprompt._scale 140164961955968 probe_scale.py:124:<module>] record about <redacted>
2026-10-10 00:20:03.792425: W scikitplot.cleanprompt._scale 140164961955968 probe_scale.py:124:<module>] record about <redacted>
2026-10-10 00:20:03.792472: W scikitplot.cleanprompt._scale 140164961955968 probe_scale.py:124:<module>] record about <redacted>
2026-10-10 00:20:03.792518: W scikitplot.cleanprompt._scale 140164961955968 probe_scale.py:124:<module>] record about <redacted>
2026-10-10 00:20:03.792564: W scikitplot.cleanprompt._scale 140164961955968 probe_scale.py:124:<module>] record about <redacted>
2026-10-10 00:20:03.792637: W scikitplot.cleanprompt._scale 140164961955968 probe_scale.py:124:<module>] record about <redacted>
2026-10-10 00:20:03.792698: W scikitplot.cleanprompt._scale 140164961955968 probe_scale.py:124:<module>] record about <redacted>
2026-10-10 00:20:03.792746: W scikitplot.cleanprompt._scale 140164961955968 probe_scale.py:124:<module>] record about <redacted>
2026-10-10 00:20:03.792793: W scikitplot.cleanprompt._scale 140164961955968 probe_scale.py:124:<module>] record about <redacted>
2026-10-10 00:20:03.792840: W scikitplot.cleanprompt._scale 140164961955968 probe_scale.py:124:<module>] record about <redacted>
2026-10-10 00:20:03.792887: W scikitplot.cleanprompt._scale 140164961955968 probe_scale.py:124:<module>] record about <redacted>
2026-10-10 00:20:03.792941: W scikitplot.cleanprompt._scale 140164961955968 probe_scale.py:124:<module>] record about <redacted>
2026-10-10 00:20:03.792987: W scikitplot.cleanprompt._scale 140164961955968 probe_scale.py:124:<module>] record about <redacted>
2026-10-10 00:20:03.793033: W scikitplot.cleanprompt._scale 140164961955968 probe_scale.py:124:<module>] record about <redacted>
2026-10-10 00:20:03.793077: W scikitplot.cleanprompt._scale 140164961955968 probe_scale.py:124:<module>] record about <redacted>
2026-10-10 00:20:03.793124: W scikitplot.cleanprompt._scale 140164961955968 probe_scale.py:124:<module>] record about <redacted>
2026-10-10 00:20:03.793170: W scikitplot.cleanprompt._scale 140164961955968 probe_scale.py:124:<module>] record about <redacted>
2026-10-10 00:20:03.793216: W scikitplot.cleanprompt._scale 140164961955968 probe_scale.py:124:<module>] record about <redacted>
2026-10-10 00:20:03.793261: W scikitplot.cleanprompt._scale 140164961955968 probe_scale.py:124:<module>] record about <redacted>
2026-10-10 00:20:03.793315: W scikitplot.cleanprompt._scale 140164961955968 probe_scale.py:124:<module>] record about <redacted>
2026-10-10 00:20:03.793363: W scikitplot.cleanprompt._scale 140164961955968 probe_scale.py:124:<module>] record about <redacted>
2026-10-10 00:20:03.793409: W scikitplot.cleanprompt._scale 140164961955968 probe_scale.py:124:<module>] record about <redacted>
2026-10-10 00:20:03.793455: W scikitplot.cleanprompt._scale 140164961955968 probe_scale.py:124:<module>] record about <redacted>
2026-10-10 00:20:03.793502: W scikitplot.cleanprompt._scale 140164961955968 probe_scale.py:124:<module>] record about <redacted>
2026-10-10 00:20:03.793547: W scikitplot.cleanprompt._scale 140164961955968 probe_scale.py:124:<module>] record about <redacted>
2026-10-10 00:20:03.793594: W scikitplot.cleanprompt._scale 140164961955968 probe_scale.py:124:<module>] record about <redacted>
2026-10-10 00:20:03.793679: W scikitplot.cleanprompt._scale 140164961955968 probe_scale.py:124:<module>] record about <redacted>
2026-10-10 00:20:03.793729: W scikitplot.cleanprompt._scale 140164961955968 probe_scale.py:124:<module>] record about <redacted>
2026-10-10 00:20:03.793776: W scikitplot.cleanprompt._scale 140164961955968 probe_scale.py:124:<module>] record about <redacted>
2026-10-10 00:20:03.793824: W scikitplot.cleanprompt._scale 140164961955968 probe_scale.py:124:<module>] record about <redacted>
2026-10-10 00:20:03.793870: W scikitplot.cleanprompt._scale 140164961955968 probe_scale.py:124:<module>] record about <redacted>
2026-10-10 00:20:03.793924: W scikitplot.cleanprompt._scale 140164961955968 probe_scale.py:124:<module>] record about <redacted>
2026-10-10 00:20:03.793970: W scikitplot.cleanprompt._scale 140164961955968 probe_scale.py:124:<module>] record about <redacted>
2026-10-10 00:20:03.794016: W scikitplot.cleanprompt._scale 140164961955968 probe_scale.py:124:<module>] record about <redacted>
2026-10-10 00:20:03.794061: W scikitplot.cleanprompt._scale 140164961955968 probe_scale.py:124:<module>] record about <redacted>
2026-10-10 00:20:03.794107: W scikitplot.cleanprompt._scale 140164961955968 probe_scale.py:124:<module>] record about <redacted>
2026-10-10 00:20:03.794154: W scikitplot.cleanprompt._scale 140164961955968 probe_scale.py:124:<module>] record about <redacted>
2026-10-10 00:20:03.794200: W scikitplot.cleanprompt._scale 140164961955968 probe_scale.py:124:<module>] record about <redacted>
2026-10-10 00:20:03.794247: W scikitplot.cleanprompt._scale 140164961955968 probe_scale.py:124:<module>] record about <redacted>
2026-10-10 00:20:03.794293: W scikitplot.cleanprompt._scale 140164961955968 probe_scale.py:124:<module>] record about <redacted>
2026-10-10 00:20:03.794339: W scikitplot.cleanprompt._scale 140164961955968 probe_scale.py:124:<module>] record about <redacted>
2026-10-10 00:20:03.794385: W scikitplot.cleanprompt._scale 140164961955968 probe_scale.py:124:<module>] record about <redacted>
2026-10-10 00:20:03.794431: W scikitplot.cleanprompt._scale 140164961955968 probe_scale.py:124:<module>] record about <redacted>
2026-10-10 00:20:03.794479: W scikitplot.cleanprompt._scale 140164961955968 probe_scale.py:124:<module>] record about <redacted>
2026-10-10 00:20:03.794525: W scikitplot.cleanprompt._scale 140164961955968 probe_scale.py:124:<module>] record about <redacted>
2026-10-10 00:20:03.794573: W scikitplot.cleanprompt._scale 140164961955968 probe_scale.py:124:<module>] record about <redacted>
2026-10-10 00:20:03.794654: W scikitplot.cleanprompt._scale 140164961955968 probe_scale.py:124:<module>] record about <redacted>
2026-10-10 00:20:03.794776: W scikitplot.cleanprompt._scale 140164961955968 probe_scale.py:124:<module>] record about <redacted>
2026-10-10 00:20:03.794850: W scikitplot.cleanprompt._scale 140164961955968 probe_scale.py:124:<module>] record about <redacted>
2026-10-10 00:20:03.794907: W scikitplot.cleanprompt._scale 140164961955968 probe_scale.py:124:<module>] record about <redacted>
2026-10-10 00:20:03.794957: W scikitplot.cleanprompt._scale 140164961955968 probe_scale.py:124:<module>] record about <redacted>
2026-10-10 00:20:03.795013: W scikitplot.cleanprompt._scale 140164961955968 probe_scale.py:124:<module>] record about <redacted>
2026-10-10 00:20:03.795063: W scikitplot.cleanprompt._scale 140164961955968 probe_scale.py:124:<module>] record about <redacted>
2026-10-10 00:20:03.795110: W scikitplot.cleanprompt._scale 140164961955968 probe_scale.py:124:<module>] record about <redacted>
2026-10-10 00:20:03.795156: W scikitplot.cleanprompt._scale 140164961955968 probe_scale.py:124:<module>] record about <redacted>
2026-10-10 00:20:03.795202: W scikitplot.cleanprompt._scale 140164961955968 probe_scale.py:124:<module>] record about <redacted>
2026-10-10 00:20:03.795250: W scikitplot.cleanprompt._scale 140164961955968 probe_scale.py:124:<module>] record about <redacted>
2026-10-10 00:20:03.795297: W scikitplot.cleanprompt._scale 140164961955968 probe_scale.py:124:<module>] record about <redacted>
2026-10-10 00:20:03.795343: W scikitplot.cleanprompt._scale 140164961955968 probe_scale.py:124:<module>] record about <redacted>
2026-10-10 00:20:03.795389: W scikitplot.cleanprompt._scale 140164961955968 probe_scale.py:124:<module>] record about <redacted>
2026-10-10 00:20:03.795435: W scikitplot.cleanprompt._scale 140164961955968 probe_scale.py:124:<module>] record about <redacted>
2026-10-10 00:20:03.795482: W scikitplot.cleanprompt._scale 140164961955968 probe_scale.py:124:<module>] record about <redacted>
2026-10-10 00:20:03.795530: W scikitplot.cleanprompt._scale 140164961955968 probe_scale.py:124:<module>] record about <redacted>
2026-10-10 00:20:03.795576: W scikitplot.cleanprompt._scale 140164961955968 probe_scale.py:124:<module>] record about <redacted>
2026-10-10 00:20:03.795668: W scikitplot.cleanprompt._scale 140164961955968 probe_scale.py:124:<module>] record about <redacted>
2026-10-10 00:20:03.795725: W scikitplot.cleanprompt._scale 140164961955968 probe_scale.py:124:<module>] record about <redacted>
2026-10-10 00:20:03.795774: W scikitplot.cleanprompt._scale 140164961955968 probe_scale.py:124:<module>] record about <redacted>
2026-10-10 00:20:03.795820: W scikitplot.cleanprompt._scale 140164961955968 probe_scale.py:124:<module>] record about <redacted>
2026-10-10 00:20:03.795867: W scikitplot.cleanprompt._scale 140164961955968 probe_scale.py:124:<module>] record about <redacted>
2026-10-10 00:20:03.795923: W scikitplot.cleanprompt._scale 140164961955968 probe_scale.py:124:<module>] record about <redacted>
2026-10-10 00:20:03.795970: W scikitplot.cleanprompt._scale 140164961955968 probe_scale.py:124:<module>] record about <redacted>
2026-10-10 00:20:03.796016: W scikitplot.cleanprompt._scale 140164961955968 probe_scale.py:124:<module>] record about <redacted>
2026-10-10 00:20:03.796063: W scikitplot.cleanprompt._scale 140164961955968 probe_scale.py:124:<module>] record about <redacted>
2026-10-10 00:20:03.796110: W scikitplot.cleanprompt._scale 140164961955968 probe_scale.py:124:<module>] record about <redacted>
2026-10-10 00:20:03.796158: W scikitplot.cleanprompt._scale 140164961955968 probe_scale.py:124:<module>] record about <redacted>
2026-10-10 00:20:03.796204: W scikitplot.cleanprompt._scale 140164961955968 probe_scale.py:124:<module>] record about <redacted>
2026-10-10 00:20:03.796250: W scikitplot.cleanprompt._scale 140164961955968 probe_scale.py:124:<module>] record about <redacted>
2026-10-10 00:20:03.796297: W scikitplot.cleanprompt._scale 140164961955968 probe_scale.py:124:<module>] record about <redacted>
2026-10-10 00:20:03.796343: W scikitplot.cleanprompt._scale 140164961955968 probe_scale.py:124:<module>] record about <redacted>
2026-10-10 00:20:03.796389: W scikitplot.cleanprompt._scale 140164961955968 probe_scale.py:124:<module>] record about <redacted>
2026-10-10 00:20:03.796439: W scikitplot.cleanprompt._scale 140164961955968 probe_scale.py:124:<module>] record about <redacted>
2026-10-10 00:20:03.796485: W scikitplot.cleanprompt._scale 140164961955968 probe_scale.py:124:<module>] record about <redacted>
2026-10-10 00:20:03.796531: W scikitplot.cleanprompt._scale 140164961955968 probe_scale.py:124:<module>] record about <redacted>
2026-10-10 00:20:03.796584: W scikitplot.cleanprompt._scale 140164961955968 probe_scale.py:124:<module>] record about <redacted>
2026-10-10 00:20:03.796669: W scikitplot.cleanprompt._scale 140164961955968 probe_scale.py:124:<module>] record about <redacted>
2026-10-10 00:20:03.796722: W scikitplot.cleanprompt._scale 140164961955968 probe_scale.py:124:<module>] record about <redacted>
2026-10-10 00:20:03.796771: W scikitplot.cleanprompt._scale 140164961955968 probe_scale.py:124:<module>] record about <redacted>
2026-10-10 00:20:03.796818: W scikitplot.cleanprompt._scale 140164961955968 probe_scale.py:124:<module>] record about <redacted>
2026-10-10 00:20:03.796864: W scikitplot.cleanprompt._scale 140164961955968 probe_scale.py:124:<module>] record about <redacted>
2026-10-10 00:20:03.796918: W scikitplot.cleanprompt._scale 140164961955968 probe_scale.py:124:<module>] record about <redacted>
2026-10-10 00:20:03.796967: W scikitplot.cleanprompt._scale 140164961955968 probe_scale.py:124:<module>] record about <redacted>
2026-10-10 00:20:03.797013: W scikitplot.cleanprompt._scale 140164961955968 probe_scale.py:124:<module>] record about <redacted>
2026-10-10 00:20:03.797060: W scikitplot.cleanprompt._scale 140164961955968 probe_scale.py:124:<module>] record about <redacted>
2026-10-10 00:20:03.797106: W scikitplot.cleanprompt._scale 140164961955968 probe_scale.py:124:<module>] record about <redacted>
2026-10-10 00:20:03.797153: W scikitplot.cleanprompt._scale 140164961955968 probe_scale.py:124:<module>] record about <redacted>
2026-10-10 00:20:03.797202: W scikitplot.cleanprompt._scale 140164961955968 probe_scale.py:124:<module>] record about <redacted>
2026-10-10 00:20:03.797266: W scikitplot.cleanprompt._scale 140164961955968 probe_scale.py:124:<module>] record about <redacted>
2026-10-10 00:20:03.797315: W scikitplot.cleanprompt._scale 140164961955968 probe_scale.py:124:<module>] record about <redacted>
2026-10-10 00:20:03.797361: W scikitplot.cleanprompt._scale 140164961955968 probe_scale.py:124:<module>] record about <redacted>
2026-10-10 00:20:03.797408: W scikitplot.cleanprompt._scale 140164961955968 probe_scale.py:124:<module>] record about <redacted>
2026-10-10 00:20:03.797454: W scikitplot.cleanprompt._scale 140164961955968 probe_scale.py:124:<module>] record about <redacted>
2026-10-10 00:20:03.797499: W scikitplot.cleanprompt._scale 140164961955968 probe_scale.py:124:<module>] record about <redacted>
2026-10-10 00:20:03.797546: W scikitplot.cleanprompt._scale 140164961955968 probe_scale.py:124:<module>] record about <redacted>
2026-10-10 00:20:03.797592: W scikitplot.cleanprompt._scale 140164961955968 probe_scale.py:124:<module>] record about <redacted>
2026-10-10 00:20:03.797679: W scikitplot.cleanprompt._scale 140164961955968 probe_scale.py:124:<module>] record about <redacted>
2026-10-10 00:20:03.797730: W scikitplot.cleanprompt._scale 140164961955968 probe_scale.py:124:<module>] record about <redacted>
2026-10-10 00:20:03.797778: W scikitplot.cleanprompt._scale 140164961955968 probe_scale.py:124:<module>] record about <redacted>
2026-10-10 00:20:03.797824: W scikitplot.cleanprompt._scale 140164961955968 probe_scale.py:124:<module>] record about <redacted>
2026-10-10 00:20:03.797871: W scikitplot.cleanprompt._scale 140164961955968 probe_scale.py:124:<module>] record about <redacted>
2026-10-10 00:20:03.797923: W scikitplot.cleanprompt._scale 140164961955968 probe_scale.py:124:<module>] record about <redacted>
2026-10-10 00:20:03.797970: W scikitplot.cleanprompt._scale 140164961955968 probe_scale.py:124:<module>] record about <redacted>
2026-10-10 00:20:03.798015: W scikitplot.cleanprompt._scale 140164961955968 probe_scale.py:124:<module>] record about <redacted>
2026-10-10 00:20:03.798062: W scikitplot.cleanprompt._scale 140164961955968 probe_scale.py:124:<module>] record about <redacted>
2026-10-10 00:20:03.798107: W scikitplot.cleanprompt._scale 140164961955968 probe_scale.py:124:<module>] record about <redacted>
2026-10-10 00:20:03.798153: W scikitplot.cleanprompt._scale 140164961955968 probe_scale.py:124:<module>] record about <redacted>
2026-10-10 00:20:03.798206: W scikitplot.cleanprompt._scale 140164961955968 probe_scale.py:124:<module>] record about <redacted>
2026-10-10 00:20:03.798254: W scikitplot.cleanprompt._scale 140164961955968 probe_scale.py:124:<module>] record about <redacted>
2026-10-10 00:20:03.798302: W scikitplot.cleanprompt._scale 140164961955968 probe_scale.py:124:<module>] record about <redacted>
2026-10-10 00:20:03.798347: W scikitplot.cleanprompt._scale 140164961955968 probe_scale.py:124:<module>] record about <redacted>
2026-10-10 00:20:03.798395: W scikitplot.cleanprompt._scale 140164961955968 probe_scale.py:124:<module>] record about <redacted>
2026-10-10 00:20:03.798441: W scikitplot.cleanprompt._scale 140164961955968 probe_scale.py:124:<module>] record about <redacted>
2026-10-10 00:20:03.798487: W scikitplot.cleanprompt._scale 140164961955968 probe_scale.py:124:<module>] record about <redacted>
2026-10-10 00:20:03.798533: W scikitplot.cleanprompt._scale 140164961955968 probe_scale.py:124:<module>] record about <redacted>
2026-10-10 00:20:03.798581: W scikitplot.cleanprompt._scale 140164961955968 probe_scale.py:124:<module>] record about <redacted>
2026-10-10 00:20:03.798665: W scikitplot.cleanprompt._scale 140164961955968 probe_scale.py:124:<module>] record about <redacted>
2026-10-10 00:20:03.798764: W scikitplot.cleanprompt._scale 140164961955968 probe_scale.py:124:<module>] record about <redacted>
2026-10-10 00:20:03.798817: W scikitplot.cleanprompt._scale 140164961955968 probe_scale.py:124:<module>] record about <redacted>
2026-10-10 00:20:03.798865: W scikitplot.cleanprompt._scale 140164961955968 probe_scale.py:124:<module>] record about <redacted>
2026-10-10 00:20:03.798918: W scikitplot.cleanprompt._scale 140164961955968 probe_scale.py:124:<module>] record about <redacted>
2026-10-10 00:20:03.798966: W scikitplot.cleanprompt._scale 140164961955968 probe_scale.py:124:<module>] record about <redacted>
2026-10-10 00:20:03.799012: W scikitplot.cleanprompt._scale 140164961955968 probe_scale.py:124:<module>] record about <redacted>
2026-10-10 00:20:03.799059: W scikitplot.cleanprompt._scale 140164961955968 probe_scale.py:124:<module>] record about <redacted>
2026-10-10 00:20:03.799106: W scikitplot.cleanprompt._scale 140164961955968 probe_scale.py:124:<module>] record about <redacted>
2026-10-10 00:20:03.799152: W scikitplot.cleanprompt._scale 140164961955968 probe_scale.py:124:<module>] record about <redacted>
2026-10-10 00:20:03.799199: W scikitplot.cleanprompt._scale 140164961955968 probe_scale.py:124:<module>] record about <redacted>
2026-10-10 00:20:03.799247: W scikitplot.cleanprompt._scale 140164961955968 probe_scale.py:124:<module>] record about <redacted>
2026-10-10 00:20:03.799295: W scikitplot.cleanprompt._scale 140164961955968 probe_scale.py:124:<module>] record about <redacted>
2026-10-10 00:20:03.799342: W scikitplot.cleanprompt._scale 140164961955968 probe_scale.py:124:<module>] record about <redacted>
2026-10-10 00:20:03.799389: W scikitplot.cleanprompt._scale 140164961955968 probe_scale.py:124:<module>] record about <redacted>
2026-10-10 00:20:03.799436: W scikitplot.cleanprompt._scale 140164961955968 probe_scale.py:124:<module>] record about <redacted>
2026-10-10 00:20:03.799485: W scikitplot.cleanprompt._scale 140164961955968 probe_scale.py:124:<module>] record about <redacted>
2026-10-10 00:20:03.799533: W scikitplot.cleanprompt._scale 140164961955968 probe_scale.py:124:<module>] record about <redacted>
2026-10-10 00:20:03.799580: W scikitplot.cleanprompt._scale 140164961955968 probe_scale.py:124:<module>] record about <redacted>
2026-10-10 00:20:03.799664: W scikitplot.cleanprompt._scale 140164961955968 probe_scale.py:124:<module>] record about <redacted>
2026-10-10 00:20:03.799717: W scikitplot.cleanprompt._scale 140164961955968 probe_scale.py:124:<module>] record about <redacted>
2026-10-10 00:20:03.799766: W scikitplot.cleanprompt._scale 140164961955968 probe_scale.py:124:<module>] record about <redacted>
2026-10-10 00:20:03.799820: W scikitplot.cleanprompt._scale 140164961955968 probe_scale.py:124:<module>] record about <redacted>
2026-10-10 00:20:03.799871: W scikitplot.cleanprompt._scale 140164961955968 probe_scale.py:124:<module>] record about <redacted>
2026-10-10 00:20:03.799927: W scikitplot.cleanprompt._scale 140164961955968 probe_scale.py:124:<module>] record about <redacted>
2026-10-10 00:20:03.799974: W scikitplot.cleanprompt._scale 140164961955968 probe_scale.py:124:<module>] record about <redacted>
2026-10-10 00:20:03.800021: W scikitplot.cleanprompt._scale 140164961955968 probe_scale.py:124:<module>] record about <redacted>
2026-10-10 00:20:03.800068: W scikitplot.cleanprompt._scale 140164961955968 probe_scale.py:124:<module>] record about <redacted>
2026-10-10 00:20:03.800115: W scikitplot.cleanprompt._scale 140164961955968 probe_scale.py:124:<module>] record about <redacted>
2026-10-10 00:20:03.800164: W scikitplot.cleanprompt._scale 140164961955968 probe_scale.py:124:<module>] record about <redacted>
2026-10-10 00:20:03.800211: W scikitplot.cleanprompt._scale 140164961955968 probe_scale.py:124:<module>] record about <redacted>
2026-10-10 00:20:03.800258: W scikitplot.cleanprompt._scale 140164961955968 probe_scale.py:124:<module>] record about <redacted>
2026-10-10 00:20:03.800305: W scikitplot.cleanprompt._scale 140164961955968 probe_scale.py:124:<module>] record about <redacted>
2026-10-10 00:20:03.800351: W scikitplot.cleanprompt._scale 140164961955968 probe_scale.py:124:<module>] record about <redacted>
2026-10-10 00:20:03.800398: W scikitplot.cleanprompt._scale 140164961955968 probe_scale.py:124:<module>] record about <redacted>
2026-10-10 00:20:03.800444: W scikitplot.cleanprompt._scale 140164961955968 probe_scale.py:124:<module>] record about <redacted>
2026-10-10 00:20:03.800490: W scikitplot.cleanprompt._scale 140164961955968 probe_scale.py:124:<module>] record about <redacted>
2026-10-10 00:20:03.800538: W scikitplot.cleanprompt._scale 140164961955968 probe_scale.py:124:<module>] record about <redacted>
2026-10-10 00:20:03.800583: W scikitplot.cleanprompt._scale 140164961955968 probe_scale.py:124:<module>] record about <redacted>
2026-10-10 00:20:03.800668: W scikitplot.cleanprompt._scale 140164961955968 probe_scale.py:124:<module>] record about <redacted>
2026-10-10 00:20:03.800720: W scikitplot.cleanprompt._scale 140164961955968 probe_scale.py:124:<module>] record about <redacted>
2026-10-10 00:20:03.800769: W scikitplot.cleanprompt._scale 140164961955968 probe_scale.py:124:<module>] record about <redacted>
2026-10-10 00:20:03.800817: W scikitplot.cleanprompt._scale 140164961955968 probe_scale.py:124:<module>] record about <redacted>
2026-10-10 00:20:03.800863: W scikitplot.cleanprompt._scale 140164961955968 probe_scale.py:124:<module>] record about <redacted>
2026-10-10 00:20:03.800938: W scikitplot.cleanprompt._scale 140164961955968 probe_scale.py:124:<module>] record about <redacted>
2026-10-10 00:20:03.800986: W scikitplot.cleanprompt._scale 140164961955968 probe_scale.py:124:<module>] record about <redacted>
2026-10-10 00:20:03.801033: W scikitplot.cleanprompt._scale 140164961955968 probe_scale.py:124:<module>] record about <redacted>
2026-10-10 00:20:03.801080: W scikitplot.cleanprompt._scale 140164961955968 probe_scale.py:124:<module>] record about <redacted>
2026-10-10 00:20:03.801126: W scikitplot.cleanprompt._scale 140164961955968 probe_scale.py:124:<module>] record about <redacted>
2026-10-10 00:20:03.801173: W scikitplot.cleanprompt._scale 140164961955968 probe_scale.py:124:<module>] record about <redacted>
2026-10-10 00:20:03.801221: W scikitplot.cleanprompt._scale 140164961955968 probe_scale.py:124:<module>] record about <redacted>
2026-10-10 00:20:03.801266: W scikitplot.cleanprompt._scale 140164961955968 probe_scale.py:124:<module>] record about <redacted>
2026-10-10 00:20:03.801313: W scikitplot.cleanprompt._scale 140164961955968 probe_scale.py:124:<module>] record about <redacted>
2026-10-10 00:20:03.801360: W scikitplot.cleanprompt._scale 140164961955968 probe_scale.py:124:<module>] record about <redacted>
2026-10-10 00:20:03.801414: W scikitplot.cleanprompt._scale 140164961955968 probe_scale.py:124:<module>] record about <redacted>
2026-10-10 00:20:03.801461: W scikitplot.cleanprompt._scale 140164961955968 probe_scale.py:124:<module>] record about <redacted>
2026-10-10 00:20:03.801509: W scikitplot.cleanprompt._scale 140164961955968 probe_scale.py:124:<module>] record about <redacted>
2026-10-10 00:20:03.801555: W scikitplot.cleanprompt._scale 140164961955968 probe_scale.py:124:<module>] record about <redacted>
2026-10-10 00:20:03.801602: W scikitplot.cleanprompt._scale 140164961955968 probe_scale.py:124:<module>] record about <redacted>
2026-10-10 00:20:03.801689: W scikitplot.cleanprompt._scale 140164961955968 probe_scale.py:124:<module>] record about <redacted>
2026-10-10 00:20:03.801739: W scikitplot.cleanprompt._scale 140164961955968 probe_scale.py:124:<module>] record about <redacted>
2026-10-10 00:20:03.801787: W scikitplot.cleanprompt._scale 140164961955968 probe_scale.py:124:<module>] record about <redacted>
2026-10-10 00:20:03.801835: W scikitplot.cleanprompt._scale 140164961955968 probe_scale.py:124:<module>] record about <redacted>
2026-10-10 00:20:03.801882: W scikitplot.cleanprompt._scale 140164961955968 probe_scale.py:124:<module>] record about <redacted>
2026-10-10 00:20:03.801936: W scikitplot.cleanprompt._scale 140164961955968 probe_scale.py:124:<module>] record about <redacted>
2026-10-10 00:20:03.801984: W scikitplot.cleanprompt._scale 140164961955968 probe_scale.py:124:<module>] record about <redacted>
2026-10-10 00:20:03.802031: W scikitplot.cleanprompt._scale 140164961955968 probe_scale.py:124:<module>] record about <redacted>
2026-10-10 00:20:03.802078: W scikitplot.cleanprompt._scale 140164961955968 probe_scale.py:124:<module>] record about <redacted>
2026-10-10 00:20:03.802125: W scikitplot.cleanprompt._scale 140164961955968 probe_scale.py:124:<module>] record about <redacted>
2026-10-10 00:20:03.802171: W scikitplot.cleanprompt._scale 140164961955968 probe_scale.py:124:<module>] record about <redacted>
2026-10-10 00:20:03.802218: W scikitplot.cleanprompt._scale 140164961955968 probe_scale.py:124:<module>] record about <redacted>
2026-10-10 00:20:03.802266: W scikitplot.cleanprompt._scale 140164961955968 probe_scale.py:124:<module>] record about <redacted>
2026-10-10 00:20:03.802312: W scikitplot.cleanprompt._scale 140164961955968 probe_scale.py:124:<module>] record about <redacted>
2026-10-10 00:20:03.802361: W scikitplot.cleanprompt._scale 140164961955968 probe_scale.py:124:<module>] record about <redacted>
2026-10-10 00:20:03.802408: W scikitplot.cleanprompt._scale 140164961955968 probe_scale.py:124:<module>] record about <redacted>
2026-10-10 00:20:03.802454: W scikitplot.cleanprompt._scale 140164961955968 probe_scale.py:124:<module>] record about <redacted>
2026-10-10 00:20:03.802503: W scikitplot.cleanprompt._scale 140164961955968 probe_scale.py:124:<module>] record about <redacted>
2026-10-10 00:20:03.802551: W scikitplot.cleanprompt._scale 140164961955968 probe_scale.py:124:<module>] record about <redacted>
2026-10-10 00:20:03.802601: W scikitplot.cleanprompt._scale 140164961955968 probe_scale.py:124:<module>] record about <redacted>
2026-10-10 00:20:03.802741: W scikitplot.cleanprompt._scale 140164961955968 probe_scale.py:124:<module>] record about <redacted>
2026-10-10 00:20:03.802805: W scikitplot.cleanprompt._scale 140164961955968 probe_scale.py:124:<module>] record about <redacted>
2026-10-10 00:20:03.802854: W scikitplot.cleanprompt._scale 140164961955968 probe_scale.py:124:<module>] record about <redacted>
2026-10-10 00:20:03.802908: W scikitplot.cleanprompt._scale 140164961955968 probe_scale.py:124:<module>] record about <redacted>
2026-10-10 00:20:03.802958: W scikitplot.cleanprompt._scale 140164961955968 probe_scale.py:124:<module>] record about <redacted>
2026-10-10 00:20:03.803005: W scikitplot.cleanprompt._scale 140164961955968 probe_scale.py:124:<module>] record about <redacted>
2026-10-10 00:20:03.803052: W scikitplot.cleanprompt._scale 140164961955968 probe_scale.py:124:<module>] record about <redacted>
2026-10-10 00:20:03.803106: W scikitplot.cleanprompt._scale 140164961955968 probe_scale.py:124:<module>] record about <redacted>
2026-10-10 00:20:03.803155: W scikitplot.cleanprompt._scale 140164961955968 probe_scale.py:124:<module>] record about <redacted>
2026-10-10 00:20:03.803203: W scikitplot.cleanprompt._scale 140164961955968 probe_scale.py:124:<module>] record about <redacted>
2026-10-10 00:20:03.803250: W scikitplot.cleanprompt._scale 140164961955968 probe_scale.py:124:<module>] record about <redacted>
2026-10-10 00:20:03.803297: W scikitplot.cleanprompt._scale 140164961955968 probe_scale.py:124:<module>] record about <redacted>
2026-10-10 00:20:03.803345: W scikitplot.cleanprompt._scale 140164961955968 probe_scale.py:124:<module>] record about <redacted>
2026-10-10 00:20:03.803391: W scikitplot.cleanprompt._scale 140164961955968 probe_scale.py:124:<module>] record about <redacted>
2026-10-10 00:20:03.803438: W scikitplot.cleanprompt._scale 140164961955968 probe_scale.py:124:<module>] record about <redacted>
2026-10-10 00:20:03.803484: W scikitplot.cleanprompt._scale 140164961955968 probe_scale.py:124:<module>] record about <redacted>
2026-10-10 00:20:03.803532: W scikitplot.cleanprompt._scale 140164961955968 probe_scale.py:124:<module>] record about <redacted>
2026-10-10 00:20:03.803578: W scikitplot.cleanprompt._scale 140164961955968 probe_scale.py:124:<module>] record about <redacted>
2026-10-10 00:20:03.803666: W scikitplot.cleanprompt._scale 140164961955968 probe_scale.py:124:<module>] record about <redacted>
2026-10-10 00:20:03.803722: W scikitplot.cleanprompt._scale 140164961955968 probe_scale.py:124:<module>] record about <redacted>
2026-10-10 00:20:03.803771: W scikitplot.cleanprompt._scale 140164961955968 probe_scale.py:124:<module>] record about <redacted>
2026-10-10 00:20:03.803817: W scikitplot.cleanprompt._scale 140164961955968 probe_scale.py:124:<module>] record about <redacted>
2026-10-10 00:20:03.803863: W scikitplot.cleanprompt._scale 140164961955968 probe_scale.py:124:<module>] record about <redacted>
2026-10-10 00:20:03.803917: W scikitplot.cleanprompt._scale 140164961955968 probe_scale.py:124:<module>] record about <redacted>
2026-10-10 00:20:03.803965: W scikitplot.cleanprompt._scale 140164961955968 probe_scale.py:124:<module>] record about <redacted>
2026-10-10 00:20:03.804013: W scikitplot.cleanprompt._scale 140164961955968 probe_scale.py:124:<module>] record about <redacted>
2026-10-10 00:20:03.804059: W scikitplot.cleanprompt._scale 140164961955968 probe_scale.py:124:<module>] record about <redacted>
2026-10-10 00:20:03.804106: W scikitplot.cleanprompt._scale 140164961955968 probe_scale.py:124:<module>] record about <redacted>
2026-10-10 00:20:03.804152: W scikitplot.cleanprompt._scale 140164961955968 probe_scale.py:124:<module>] record about <redacted>
2026-10-10 00:20:03.804219: W scikitplot.cleanprompt._scale 140164961955968 probe_scale.py:124:<module>] record about <redacted>
2026-10-10 00:20:03.804268: W scikitplot.cleanprompt._scale 140164961955968 probe_scale.py:124:<module>] record about <redacted>
2026-10-10 00:20:03.804314: W scikitplot.cleanprompt._scale 140164961955968 probe_scale.py:124:<module>] record about <redacted>
2026-10-10 00:20:03.804362: W scikitplot.cleanprompt._scale 140164961955968 probe_scale.py:124:<module>] record about <redacted>
2026-10-10 00:20:03.804410: W scikitplot.cleanprompt._scale 140164961955968 probe_scale.py:124:<module>] record about <redacted>
2026-10-10 00:20:03.804457: W scikitplot.cleanprompt._scale 140164961955968 probe_scale.py:124:<module>] record about <redacted>
2026-10-10 00:20:03.804504: W scikitplot.cleanprompt._scale 140164961955968 probe_scale.py:124:<module>] record about <redacted>
2026-10-10 00:20:03.804550: W scikitplot.cleanprompt._scale 140164961955968 probe_scale.py:124:<module>] record about <redacted>
2026-10-10 00:20:03.804595: W scikitplot.cleanprompt._scale 140164961955968 probe_scale.py:124:<module>] record about <redacted>
2026-10-10 00:20:03.804682: W scikitplot.cleanprompt._scale 140164961955968 probe_scale.py:124:<module>] record about <redacted>
2026-10-10 00:20:03.804739: W scikitplot.cleanprompt._scale 140164961955968 probe_scale.py:124:<module>] record about <redacted>
2026-10-10 00:20:03.804788: W scikitplot.cleanprompt._scale 140164961955968 probe_scale.py:124:<module>] record about <redacted>
2026-10-10 00:20:03.804834: W scikitplot.cleanprompt._scale 140164961955968 probe_scale.py:124:<module>] record about <redacted>
2026-10-10 00:20:03.804881: W scikitplot.cleanprompt._scale 140164961955968 probe_scale.py:124:<module>] record about <redacted>
2026-10-10 00:20:03.804935: W scikitplot.cleanprompt._scale 140164961955968 probe_scale.py:124:<module>] record about <redacted>
2026-10-10 00:20:03.804981: W scikitplot.cleanprompt._scale 140164961955968 probe_scale.py:124:<module>] record about <redacted>
2026-10-10 00:20:03.805029: W scikitplot.cleanprompt._scale 140164961955968 probe_scale.py:124:<module>] record about <redacted>
2026-10-10 00:20:03.805078: W scikitplot.cleanprompt._scale 140164961955968 probe_scale.py:124:<module>] record about <redacted>
2026-10-10 00:20:03.805124: W scikitplot.cleanprompt._scale 140164961955968 probe_scale.py:124:<module>] record about <redacted>
2026-10-10 00:20:03.805169: W scikitplot.cleanprompt._scale 140164961955968 probe_scale.py:124:<module>] record about <redacted>
2026-10-10 00:20:03.805218: W scikitplot.cleanprompt._scale 140164961955968 probe_scale.py:124:<module>] record about <redacted>
2026-10-10 00:20:03.805264: W scikitplot.cleanprompt._scale 140164961955968 probe_scale.py:124:<module>] record about <redacted>
2026-10-10 00:20:03.805312: W scikitplot.cleanprompt._scale 140164961955968 probe_scale.py:124:<module>] record about <redacted>
2026-10-10 00:20:03.805358: W scikitplot.cleanprompt._scale 140164961955968 probe_scale.py:124:<module>] record about <redacted>
2026-10-10 00:20:03.805409: W scikitplot.cleanprompt._scale 140164961955968 probe_scale.py:124:<module>] record about <redacted>
2026-10-10 00:20:03.805456: W scikitplot.cleanprompt._scale 140164961955968 probe_scale.py:124:<module>] record about <redacted>
2026-10-10 00:20:03.805504: W scikitplot.cleanprompt._scale 140164961955968 probe_scale.py:124:<module>] record about <redacted>
2026-10-10 00:20:03.805550: W scikitplot.cleanprompt._scale 140164961955968 probe_scale.py:124:<module>] record about <redacted>
2026-10-10 00:20:03.805598: W scikitplot.cleanprompt._scale 140164961955968 probe_scale.py:124:<module>] record about <redacted>
2026-10-10 00:20:03.805686: W scikitplot.cleanprompt._scale 140164961955968 probe_scale.py:124:<module>] record about <redacted>
2026-10-10 00:20:03.805735: W scikitplot.cleanprompt._scale 140164961955968 probe_scale.py:124:<module>] record about <redacted>
2026-10-10 00:20:03.805785: W scikitplot.cleanprompt._scale 140164961955968 probe_scale.py:124:<module>] record about <redacted>
2026-10-10 00:20:03.805833: W scikitplot.cleanprompt._scale 140164961955968 probe_scale.py:124:<module>] record about <redacted>
2026-10-10 00:20:03.805880: W scikitplot.cleanprompt._scale 140164961955968 probe_scale.py:124:<module>] record about <redacted>
2026-10-10 00:20:03.805937: W scikitplot.cleanprompt._scale 140164961955968 probe_scale.py:124:<module>] record about <redacted>
2026-10-10 00:20:03.805984: W scikitplot.cleanprompt._scale 140164961955968 probe_scale.py:124:<module>] record about <redacted>
2026-10-10 00:20:03.806033: W scikitplot.cleanprompt._scale 140164961955968 probe_scale.py:124:<module>] record about <redacted>
2026-10-10 00:20:03.806078: W scikitplot.cleanprompt._scale 140164961955968 probe_scale.py:124:<module>] record about <redacted>
2026-10-10 00:20:03.806124: W scikitplot.cleanprompt._scale 140164961955968 probe_scale.py:124:<module>] record about <redacted>
2026-10-10 00:20:03.806171: W scikitplot.cleanprompt._scale 140164961955968 probe_scale.py:124:<module>] record about <redacted>
2026-10-10 00:20:03.806218: W scikitplot.cleanprompt._scale 140164961955968 probe_scale.py:124:<module>] record about <redacted>
2026-10-10 00:20:03.806271: W scikitplot.cleanprompt._scale 140164961955968 probe_scale.py:124:<module>] record about <redacted>
2026-10-10 00:20:03.806319: W scikitplot.cleanprompt._scale 140164961955968 probe_scale.py:124:<module>] record about <redacted>
2026-10-10 00:20:03.806366: W scikitplot.cleanprompt._scale 140164961955968 probe_scale.py:124:<module>] record about <redacted>
2026-10-10 00:20:03.806412: W scikitplot.cleanprompt._scale 140164961955968 probe_scale.py:124:<module>] record about <redacted>
2026-10-10 00:20:03.806459: W scikitplot.cleanprompt._scale 140164961955968 probe_scale.py:124:<module>] record about <redacted>
2026-10-10 00:20:03.806505: W scikitplot.cleanprompt._scale 140164961955968 probe_scale.py:124:<module>] record about <redacted>
2026-10-10 00:20:03.806551: W scikitplot.cleanprompt._scale 140164961955968 probe_scale.py:124:<module>] record about <redacted>
2026-10-10 00:20:03.806597: W scikitplot.cleanprompt._scale 140164961955968 probe_scale.py:124:<module>] record about <redacted>
2026-10-10 00:20:03.806744: W scikitplot.cleanprompt._scale 140164961955968 probe_scale.py:124:<module>] record about <redacted>
2026-10-10 00:20:03.806810: W scikitplot.cleanprompt._scale 140164961955968 probe_scale.py:124:<module>] record about <redacted>
2026-10-10 00:20:03.806860: W scikitplot.cleanprompt._scale 140164961955968 probe_scale.py:124:<module>] record about <redacted>
2026-10-10 00:20:03.806917: W scikitplot.cleanprompt._scale 140164961955968 probe_scale.py:124:<module>] record about <redacted>
2026-10-10 00:20:03.806966: W scikitplot.cleanprompt._scale 140164961955968 probe_scale.py:124:<module>] record about <redacted>
2026-10-10 00:20:03.807014: W scikitplot.cleanprompt._scale 140164961955968 probe_scale.py:124:<module>] record about <redacted>
2026-10-10 00:20:03.807060: W scikitplot.cleanprompt._scale 140164961955968 probe_scale.py:124:<module>] record about <redacted>
2026-10-10 00:20:03.807107: W scikitplot.cleanprompt._scale 140164961955968 probe_scale.py:124:<module>] record about <redacted>
2026-10-10 00:20:03.807154: W scikitplot.cleanprompt._scale 140164961955968 probe_scale.py:124:<module>] record about <redacted>
2026-10-10 00:20:03.807201: W scikitplot.cleanprompt._scale 140164961955968 probe_scale.py:124:<module>] record about <redacted>
2026-10-10 00:20:03.807249: W scikitplot.cleanprompt._scale 140164961955968 probe_scale.py:124:<module>] record about <redacted>
2026-10-10 00:20:03.807294: W scikitplot.cleanprompt._scale 140164961955968 probe_scale.py:124:<module>] record about <redacted>
2026-10-10 00:20:03.807341: W scikitplot.cleanprompt._scale 140164961955968 probe_scale.py:124:<module>] record about <redacted>
2026-10-10 00:20:03.807388: W scikitplot.cleanprompt._scale 140164961955968 probe_scale.py:124:<module>] record about <redacted>
2026-10-10 00:20:03.807433: W scikitplot.cleanprompt._scale 140164961955968 probe_scale.py:124:<module>] record about <redacted>
2026-10-10 00:20:03.807479: W scikitplot.cleanprompt._scale 140164961955968 probe_scale.py:124:<module>] record about <redacted>
2026-10-10 00:20:03.807525: W scikitplot.cleanprompt._scale 140164961955968 probe_scale.py:124:<module>] record about <redacted>
2026-10-10 00:20:03.807570: W scikitplot.cleanprompt._scale 140164961955968 probe_scale.py:124:<module>] record about <redacted>
2026-10-10 00:20:03.807713: W scikitplot.cleanprompt._scale 140164961955968 probe_scale.py:124:<module>] record about <redacted>
2026-10-10 00:20:03.807775: W scikitplot.cleanprompt._scale 140164961955968 probe_scale.py:124:<module>] record about <redacted>
2026-10-10 00:20:03.807826: W scikitplot.cleanprompt._scale 140164961955968 probe_scale.py:124:<module>] record about <redacted>
2026-10-10 00:20:03.807874: W scikitplot.cleanprompt._scale 140164961955968 probe_scale.py:124:<module>] record about <redacted>
2026-10-10 00:20:03.807929: W scikitplot.cleanprompt._scale 140164961955968 probe_scale.py:124:<module>] record about <redacted>
2026-10-10 00:20:03.807979: W scikitplot.cleanprompt._scale 140164961955968 probe_scale.py:124:<module>] record about <redacted>
2026-10-10 00:20:03.808036: W scikitplot.cleanprompt._scale 140164961955968 probe_scale.py:124:<module>] record about <redacted>
2026-10-10 00:20:03.808084: W scikitplot.cleanprompt._scale 140164961955968 probe_scale.py:124:<module>] record about <redacted>
2026-10-10 00:20:03.808131: W scikitplot.cleanprompt._scale 140164961955968 probe_scale.py:124:<module>] record about <redacted>
2026-10-10 00:20:03.808178: W scikitplot.cleanprompt._scale 140164961955968 probe_scale.py:124:<module>] record about <redacted>
2026-10-10 00:20:03.808225: W scikitplot.cleanprompt._scale 140164961955968 probe_scale.py:124:<module>] record about <redacted>
2026-10-10 00:20:03.808271: W scikitplot.cleanprompt._scale 140164961955968 probe_scale.py:124:<module>] record about <redacted>
2026-10-10 00:20:03.808318: W scikitplot.cleanprompt._scale 140164961955968 probe_scale.py:124:<module>] record about <redacted>
2026-10-10 00:20:03.808366: W scikitplot.cleanprompt._scale 140164961955968 probe_scale.py:124:<module>] record about <redacted>
2026-10-10 00:20:03.808411: W scikitplot.cleanprompt._scale 140164961955968 probe_scale.py:124:<module>] record about <redacted>
2026-10-10 00:20:03.808456: W scikitplot.cleanprompt._scale 140164961955968 probe_scale.py:124:<module>] record about <redacted>
2026-10-10 00:20:03.808502: W scikitplot.cleanprompt._scale 140164961955968 probe_scale.py:124:<module>] record about <redacted>
2026-10-10 00:20:03.808549: W scikitplot.cleanprompt._scale 140164961955968 probe_scale.py:124:<module>] record about <redacted>
2026-10-10 00:20:03.808596: W scikitplot.cleanprompt._scale 140164961955968 probe_scale.py:124:<module>] record about <redacted>
2026-10-10 00:20:03.808685: W scikitplot.cleanprompt._scale 140164961955968 probe_scale.py:124:<module>] record about <redacted>
2026-10-10 00:20:03.808736: W scikitplot.cleanprompt._scale 140164961955968 probe_scale.py:124:<module>] record about <redacted>
2026-10-10 00:20:03.808831: W scikitplot.cleanprompt._scale 140164961955968 probe_scale.py:124:<module>] record about <redacted>
2026-10-10 00:20:03.808917: W scikitplot.cleanprompt._scale 140164961955968 probe_scale.py:124:<module>] record about <redacted>
2026-10-10 00:20:03.808979: W scikitplot.cleanprompt._scale 140164961955968 probe_scale.py:124:<module>] record about <redacted>
2026-10-10 00:20:03.809028: W scikitplot.cleanprompt._scale 140164961955968 probe_scale.py:124:<module>] record about <redacted>
2026-10-10 00:20:03.809102: W scikitplot.cleanprompt._scale 140164961955968 probe_scale.py:124:<module>] record about <redacted>
2026-10-10 00:20:03.809155: W scikitplot.cleanprompt._scale 140164961955968 probe_scale.py:124:<module>] record about <redacted>
2026-10-10 00:20:03.809205: W scikitplot.cleanprompt._scale 140164961955968 probe_scale.py:124:<module>] record about <redacted>
2026-10-10 00:20:03.809252: W scikitplot.cleanprompt._scale 140164961955968 probe_scale.py:124:<module>] record about <redacted>
2026-10-10 00:20:03.809299: W scikitplot.cleanprompt._scale 140164961955968 probe_scale.py:124:<module>] record about <redacted>
2026-10-10 00:20:03.809348: W scikitplot.cleanprompt._scale 140164961955968 probe_scale.py:124:<module>] record about <redacted>
2026-10-10 00:20:03.809394: W scikitplot.cleanprompt._scale 140164961955968 probe_scale.py:124:<module>] record about <redacted>
2026-10-10 00:20:03.809441: W scikitplot.cleanprompt._scale 140164961955968 probe_scale.py:124:<module>] record about <redacted>
2026-10-10 00:20:03.809488: W scikitplot.cleanprompt._scale 140164961955968 probe_scale.py:124:<module>] record about <redacted>
2026-10-10 00:20:03.809536: W scikitplot.cleanprompt._scale 140164961955968 probe_scale.py:124:<module>] record about <redacted>
2026-10-10 00:20:03.809583: W scikitplot.cleanprompt._scale 140164961955968 probe_scale.py:124:<module>] record about <redacted>
2026-10-10 00:20:03.809725: W scikitplot.cleanprompt._scale 140164961955968 probe_scale.py:124:<module>] record about <redacted>
2026-10-10 00:20:03.809785: W scikitplot.cleanprompt._scale 140164961955968 probe_scale.py:124:<module>] record about <redacted>
2026-10-10 00:20:03.809840: W scikitplot.cleanprompt._scale 140164961955968 probe_scale.py:124:<module>] record about <redacted>
2026-10-10 00:20:03.809890: W scikitplot.cleanprompt._scale 140164961955968 probe_scale.py:124:<module>] record about <redacted>
2026-10-10 00:20:03.809946: W scikitplot.cleanprompt._scale 140164961955968 probe_scale.py:124:<module>] record about <redacted>
2026-10-10 00:20:03.809993: W scikitplot.cleanprompt._scale 140164961955968 probe_scale.py:124:<module>] record about <redacted>
2026-10-10 00:20:03.810041: W scikitplot.cleanprompt._scale 140164961955968 probe_scale.py:124:<module>] record about <redacted>
2026-10-10 00:20:03.810087: W scikitplot.cleanprompt._scale 140164961955968 probe_scale.py:124:<module>] record about <redacted>
2026-10-10 00:20:03.810134: W scikitplot.cleanprompt._scale 140164961955968 probe_scale.py:124:<module>] record about <redacted>
2026-10-10 00:20:03.810181: W scikitplot.cleanprompt._scale 140164961955968 probe_scale.py:124:<module>] record about <redacted>
2026-10-10 00:20:03.810228: W scikitplot.cleanprompt._scale 140164961955968 probe_scale.py:124:<module>] record about <redacted>
2026-10-10 00:20:03.810275: W scikitplot.cleanprompt._scale 140164961955968 probe_scale.py:124:<module>] record about <redacted>
2026-10-10 00:20:03.810323: W scikitplot.cleanprompt._scale 140164961955968 probe_scale.py:124:<module>] record about <redacted>
2026-10-10 00:20:03.810370: W scikitplot.cleanprompt._scale 140164961955968 probe_scale.py:124:<module>] record about <redacted>
2026-10-10 00:20:03.810416: W scikitplot.cleanprompt._scale 140164961955968 probe_scale.py:124:<module>] record about <redacted>
2026-10-10 00:20:03.810462: W scikitplot.cleanprompt._scale 140164961955968 probe_scale.py:124:<module>] record about <redacted>
2026-10-10 00:20:03.810508: W scikitplot.cleanprompt._scale 140164961955968 probe_scale.py:124:<module>] record about <redacted>
2026-10-10 00:20:03.810555: W scikitplot.cleanprompt._scale 140164961955968 probe_scale.py:124:<module>] record about <redacted>
2026-10-10 00:20:03.810602: W scikitplot.cleanprompt._scale 140164961955968 probe_scale.py:124:<module>] record about <redacted>
2026-10-10 00:20:03.814782: W scikitplot.cleanprompt._scale 140164961955968 probe_scale.py:124:<module>] record about <redacted>
2026-10-10 00:20:03.814872: W scikitplot.cleanprompt._scale 140164961955968 probe_scale.py:124:<module>] record about <redacted>
2026-10-10 00:20:03.814935: W scikitplot.cleanprompt._scale 140164961955968 probe_scale.py:124:<module>] record about <redacted>
2026-10-10 00:20:03.814987: W scikitplot.cleanprompt._scale 140164961955968 probe_scale.py:124:<module>] record about <redacted>
2026-10-10 00:20:03.815039: W scikitplot.cleanprompt._scale 140164961955968 probe_scale.py:124:<module>] record about <redacted>
2026-10-10 00:20:03.815087: W scikitplot.cleanprompt._scale 140164961955968 probe_scale.py:124:<module>] record about <redacted>
2026-10-10 00:20:03.815135: W scikitplot.cleanprompt._scale 140164961955968 probe_scale.py:124:<module>] record about <redacted>
2026-10-10 00:20:03.815183: W scikitplot.cleanprompt._scale 140164961955968 probe_scale.py:124:<module>] record about <redacted>
2026-10-10 00:20:03.815230: W scikitplot.cleanprompt._scale 140164961955968 probe_scale.py:124:<module>] record about <redacted>
2026-10-10 00:20:03.815280: W scikitplot.cleanprompt._scale 140164961955968 probe_scale.py:124:<module>] record about <redacted>
2026-10-10 00:20:03.815326: W scikitplot.cleanprompt._scale 140164961955968 probe_scale.py:124:<module>] record about <redacted>
2026-10-10 00:20:03.815372: W scikitplot.cleanprompt._scale 140164961955968 probe_scale.py:124:<module>] record about <redacted>
2026-10-10 00:20:03.815420: W scikitplot.cleanprompt._scale 140164961955968 probe_scale.py:124:<module>] record about <redacted>
2026-10-10 00:20:03.815466: W scikitplot.cleanprompt._scale 140164961955968 probe_scale.py:124:<module>] record about <redacted>
2026-10-10 00:20:03.815514: W scikitplot.cleanprompt._scale 140164961955968 probe_scale.py:124:<module>] record about <redacted>
2026-10-10 00:20:03.815569: W scikitplot.cleanprompt._scale 140164961955968 probe_scale.py:124:<module>] record about <redacted>
2026-10-10 00:20:03.815655: W scikitplot.cleanprompt._scale 140164961955968 probe_scale.py:124:<module>] record about <redacted>
2026-10-10 00:20:03.815712: W scikitplot.cleanprompt._scale 140164961955968 probe_scale.py:124:<module>] record about <redacted>
2026-10-10 00:20:03.815762: W scikitplot.cleanprompt._scale 140164961955968 probe_scale.py:124:<module>] record about <redacted>
2026-10-10 00:20:03.815809: W scikitplot.cleanprompt._scale 140164961955968 probe_scale.py:124:<module>] record about <redacted>
2026-10-10 00:20:03.815856: W scikitplot.cleanprompt._scale 140164961955968 probe_scale.py:124:<module>] record about <redacted>
2026-10-10 00:20:03.815909: W scikitplot.cleanprompt._scale 140164961955968 probe_scale.py:124:<module>] record about <redacted>
2026-10-10 00:20:03.815958: W scikitplot.cleanprompt._scale 140164961955968 probe_scale.py:124:<module>] record about <redacted>
2026-10-10 00:20:03.816004: W scikitplot.cleanprompt._scale 140164961955968 probe_scale.py:124:<module>] record about <redacted>
2026-10-10 00:20:03.816051: W scikitplot.cleanprompt._scale 140164961955968 probe_scale.py:124:<module>] record about <redacted>
2026-10-10 00:20:03.816097: W scikitplot.cleanprompt._scale 140164961955968 probe_scale.py:124:<module>] record about <redacted>
2026-10-10 00:20:03.816145: W scikitplot.cleanprompt._scale 140164961955968 probe_scale.py:124:<module>] record about <redacted>
2026-10-10 00:20:03.816193: W scikitplot.cleanprompt._scale 140164961955968 probe_scale.py:124:<module>] record about <redacted>
2026-10-10 00:20:03.816240: W scikitplot.cleanprompt._scale 140164961955968 probe_scale.py:124:<module>] record about <redacted>
2026-10-10 00:20:03.816287: W scikitplot.cleanprompt._scale 140164961955968 probe_scale.py:124:<module>] record about <redacted>
2026-10-10 00:20:03.816333: W scikitplot.cleanprompt._scale 140164961955968 probe_scale.py:124:<module>] record about <redacted>
2026-10-10 00:20:03.816381: W scikitplot.cleanprompt._scale 140164961955968 probe_scale.py:124:<module>] record about <redacted>
2026-10-10 00:20:03.816427: W scikitplot.cleanprompt._scale 140164961955968 probe_scale.py:124:<module>] record about <redacted>
2026-10-10 00:20:03.816474: W scikitplot.cleanprompt._scale 140164961955968 probe_scale.py:124:<module>] record about <redacted>
2026-10-10 00:20:03.816521: W scikitplot.cleanprompt._scale 140164961955968 probe_scale.py:124:<module>] record about <redacted>
2026-10-10 00:20:03.816568: W scikitplot.cleanprompt._scale 140164961955968 probe_scale.py:124:<module>] record about <redacted>
2026-10-10 00:20:03.816650: W scikitplot.cleanprompt._scale 140164961955968 probe_scale.py:124:<module>] record about <redacted>
2026-10-10 00:20:03.816706: W scikitplot.cleanprompt._scale 140164961955968 probe_scale.py:124:<module>] record about <redacted>
2026-10-10 00:20:03.816754: W scikitplot.cleanprompt._scale 140164961955968 probe_scale.py:124:<module>] record about <redacted>
2026-10-10 00:20:03.816802: W scikitplot.cleanprompt._scale 140164961955968 probe_scale.py:124:<module>] record about <redacted>
2026-10-10 00:20:03.816849: W scikitplot.cleanprompt._scale 140164961955968 probe_scale.py:124:<module>] record about <redacted>
2026-10-10 00:20:03.816902: W scikitplot.cleanprompt._scale 140164961955968 probe_scale.py:124:<module>] record about <redacted>
2026-10-10 00:20:03.816951: W scikitplot.cleanprompt._scale 140164961955968 probe_scale.py:124:<module>] record about <redacted>
2026-10-10 00:20:03.816997: W scikitplot.cleanprompt._scale 140164961955968 probe_scale.py:124:<module>] record about <redacted>
2026-10-10 00:20:03.817044: W scikitplot.cleanprompt._scale 140164961955968 probe_scale.py:124:<module>] record about <redacted>
2026-10-10 00:20:03.817090: W scikitplot.cleanprompt._scale 140164961955968 probe_scale.py:124:<module>] record about <redacted>
2026-10-10 00:20:03.817142: W scikitplot.cleanprompt._scale 140164961955968 probe_scale.py:124:<module>] record about <redacted>
2026-10-10 00:20:03.817190: W scikitplot.cleanprompt._scale 140164961955968 probe_scale.py:124:<module>] record about <redacted>
2026-10-10 00:20:03.817236: W scikitplot.cleanprompt._scale 140164961955968 probe_scale.py:124:<module>] record about <redacted>
2026-10-10 00:20:03.817283: W scikitplot.cleanprompt._scale 140164961955968 probe_scale.py:124:<module>] record about <redacted>
2026-10-10 00:20:03.817329: W scikitplot.cleanprompt._scale 140164961955968 probe_scale.py:124:<module>] record about <redacted>
2026-10-10 00:20:03.817375: W scikitplot.cleanprompt._scale 140164961955968 probe_scale.py:124:<module>] record about <redacted>
2026-10-10 00:20:03.817422: W scikitplot.cleanprompt._scale 140164961955968 probe_scale.py:124:<module>] record about <redacted>
2026-10-10 00:20:03.817468: W scikitplot.cleanprompt._scale 140164961955968 probe_scale.py:124:<module>] record about <redacted>
2026-10-10 00:20:03.817514: W scikitplot.cleanprompt._scale 140164961955968 probe_scale.py:124:<module>] record about <redacted>
2026-10-10 00:20:03.817561: W scikitplot.cleanprompt._scale 140164961955968 probe_scale.py:124:<module>] record about <redacted>
2026-10-10 00:20:03.817639: W scikitplot.cleanprompt._scale 140164961955968 probe_scale.py:124:<module>] record about <redacted>
2026-10-10 00:20:03.817700: W scikitplot.cleanprompt._scale 140164961955968 probe_scale.py:124:<module>] record about <redacted>
2026-10-10 00:20:03.817749: W scikitplot.cleanprompt._scale 140164961955968 probe_scale.py:124:<module>] record about <redacted>
2026-10-10 00:20:03.817796: W scikitplot.cleanprompt._scale 140164961955968 probe_scale.py:124:<module>] record about <redacted>
2026-10-10 00:20:03.817844: W scikitplot.cleanprompt._scale 140164961955968 probe_scale.py:124:<module>] record about <redacted>
2026-10-10 00:20:03.817890: W scikitplot.cleanprompt._scale 140164961955968 probe_scale.py:124:<module>] record about <redacted>
2026-10-10 00:20:03.817944: W scikitplot.cleanprompt._scale 140164961955968 probe_scale.py:124:<module>] record about <redacted>
2026-10-10 00:20:03.817990: W scikitplot.cleanprompt._scale 140164961955968 probe_scale.py:124:<module>] record about <redacted>
2026-10-10 00:20:03.818038: W scikitplot.cleanprompt._scale 140164961955968 probe_scale.py:124:<module>] record about <redacted>
2026-10-10 00:20:03.818085: W scikitplot.cleanprompt._scale 140164961955968 probe_scale.py:124:<module>] record about <redacted>
2026-10-10 00:20:03.818131: W scikitplot.cleanprompt._scale 140164961955968 probe_scale.py:124:<module>] record about <redacted>
2026-10-10 00:20:03.818177: W scikitplot.cleanprompt._scale 140164961955968 probe_scale.py:124:<module>] record about <redacted>
2026-10-10 00:20:03.818224: W scikitplot.cleanprompt._scale 140164961955968 probe_scale.py:124:<module>] record about <redacted>
2026-10-10 00:20:03.818271: W scikitplot.cleanprompt._scale 140164961955968 probe_scale.py:124:<module>] record about <redacted>
2026-10-10 00:20:03.818317: W scikitplot.cleanprompt._scale 140164961955968 probe_scale.py:124:<module>] record about <redacted>
2026-10-10 00:20:03.818363: W scikitplot.cleanprompt._scale 140164961955968 probe_scale.py:124:<module>] record about <redacted>
2026-10-10 00:20:03.818410: W scikitplot.cleanprompt._scale 140164961955968 probe_scale.py:124:<module>] record about <redacted>
2026-10-10 00:20:03.818456: W scikitplot.cleanprompt._scale 140164961955968 probe_scale.py:124:<module>] record about <redacted>
2026-10-10 00:20:03.818503: W scikitplot.cleanprompt._scale 140164961955968 probe_scale.py:124:<module>] record about <redacted>
2026-10-10 00:20:03.818549: W scikitplot.cleanprompt._scale 140164961955968 probe_scale.py:124:<module>] record about <redacted>
2026-10-10 00:20:03.818596: W scikitplot.cleanprompt._scale 140164961955968 probe_scale.py:124:<module>] record about <redacted>
2026-10-10 00:20:03.818818: W scikitplot.cleanprompt._scale 140164961955968 probe_scale.py:124:<module>] record about <redacted>
2026-10-10 00:20:03.819103: W scikitplot.cleanprompt._scale 140164961955968 probe_scale.py:124:<module>] record about <redacted>
2026-10-10 00:20:03.819195: W scikitplot.cleanprompt._scale 140164961955968 probe_scale.py:124:<module>] record about <redacted>
2026-10-10 00:20:03.819261: W scikitplot.cleanprompt._scale 140164961955968 probe_scale.py:124:<module>] record about <redacted>
2026-10-10 00:20:03.819325: W scikitplot.cleanprompt._scale 140164961955968 probe_scale.py:124:<module>] record about <redacted>
2026-10-10 00:20:03.819385: W scikitplot.cleanprompt._scale 140164961955968 probe_scale.py:124:<module>] record about <redacted>
2026-10-10 00:20:03.819439: W scikitplot.cleanprompt._scale 140164961955968 probe_scale.py:124:<module>] record about <redacted>
2026-10-10 00:20:03.819491: W scikitplot.cleanprompt._scale 140164961955968 probe_scale.py:124:<module>] record about <redacted>
2026-10-10 00:20:03.819540: W scikitplot.cleanprompt._scale 140164961955968 probe_scale.py:124:<module>] record about <redacted>
2026-10-10 00:20:03.819593: W scikitplot.cleanprompt._scale 140164961955968 probe_scale.py:124:<module>] record about <redacted>
2026-10-10 00:20:03.819696: W scikitplot.cleanprompt._scale 140164961955968 probe_scale.py:124:<module>] record about <redacted>
2026-10-10 00:20:03.819749: W scikitplot.cleanprompt._scale 140164961955968 probe_scale.py:124:<module>] record about <redacted>
2026-10-10 00:20:03.819801: W scikitplot.cleanprompt._scale 140164961955968 probe_scale.py:124:<module>] record about <redacted>
2026-10-10 00:20:03.819849: W scikitplot.cleanprompt._scale 140164961955968 probe_scale.py:124:<module>] record about <redacted>
2026-10-10 00:20:03.819896: W scikitplot.cleanprompt._scale 140164961955968 probe_scale.py:124:<module>] record about <redacted>
2026-10-10 00:20:03.819946: W scikitplot.cleanprompt._scale 140164961955968 probe_scale.py:124:<module>] record about <redacted>
2026-10-10 00:20:03.819995: W scikitplot.cleanprompt._scale 140164961955968 probe_scale.py:124:<module>] record about <redacted>
2026-10-10 00:20:03.820043: W scikitplot.cleanprompt._scale 140164961955968 probe_scale.py:124:<module>] record about <redacted>
2026-10-10 00:20:03.820091: W scikitplot.cleanprompt._scale 140164961955968 probe_scale.py:124:<module>] record about <redacted>
2026-10-10 00:20:03.820140: W scikitplot.cleanprompt._scale 140164961955968 probe_scale.py:124:<module>] record about <redacted>
2026-10-10 00:20:03.820200: W scikitplot.cleanprompt._scale 140164961955968 probe_scale.py:124:<module>] record about <redacted>
2026-10-10 00:20:03.820249: W scikitplot.cleanprompt._scale 140164961955968 probe_scale.py:124:<module>] record about <redacted>
2026-10-10 00:20:03.820297: W scikitplot.cleanprompt._scale 140164961955968 probe_scale.py:124:<module>] record about <redacted>
2026-10-10 00:20:03.820343: W scikitplot.cleanprompt._scale 140164961955968 probe_scale.py:124:<module>] record about <redacted>
2026-10-10 00:20:03.820391: W scikitplot.cleanprompt._scale 140164961955968 probe_scale.py:124:<module>] record about <redacted>
2026-10-10 00:20:03.820441: W scikitplot.cleanprompt._scale 140164961955968 probe_scale.py:124:<module>] record about <redacted>
2026-10-10 00:20:03.820487: W scikitplot.cleanprompt._scale 140164961955968 probe_scale.py:124:<module>] record about <redacted>
2026-10-10 00:20:03.820534: W scikitplot.cleanprompt._scale 140164961955968 probe_scale.py:124:<module>] record about <redacted>
2026-10-10 00:20:03.820581: W scikitplot.cleanprompt._scale 140164961955968 probe_scale.py:124:<module>] record about <redacted>
2026-10-10 00:20:03.820671: W scikitplot.cleanprompt._scale 140164961955968 probe_scale.py:124:<module>] record about <redacted>
2026-10-10 00:20:03.820724: W scikitplot.cleanprompt._scale 140164961955968 probe_scale.py:124:<module>] record about <redacted>
2026-10-10 00:20:03.820774: W scikitplot.cleanprompt._scale 140164961955968 probe_scale.py:124:<module>] record about <redacted>
2026-10-10 00:20:03.820825: W scikitplot.cleanprompt._scale 140164961955968 probe_scale.py:124:<module>] record about <redacted>
2026-10-10 00:20:03.820894: W scikitplot.cleanprompt._scale 140164961955968 probe_scale.py:124:<module>] record about <redacted>
2026-10-10 00:20:03.820946: W scikitplot.cleanprompt._scale 140164961955968 probe_scale.py:124:<module>] record about <redacted>
2026-10-10 00:20:03.820994: W scikitplot.cleanprompt._scale 140164961955968 probe_scale.py:124:<module>] record about <redacted>
2026-10-10 00:20:03.821045: W scikitplot.cleanprompt._scale 140164961955968 probe_scale.py:124:<module>] record about <redacted>
2026-10-10 00:20:03.821093: W scikitplot.cleanprompt._scale 140164961955968 probe_scale.py:124:<module>] record about <redacted>
2026-10-10 00:20:03.821140: W scikitplot.cleanprompt._scale 140164961955968 probe_scale.py:124:<module>] record about <redacted>
2026-10-10 00:20:03.821195: W scikitplot.cleanprompt._scale 140164961955968 probe_scale.py:124:<module>] record about <redacted>
2026-10-10 00:20:03.821243: W scikitplot.cleanprompt._scale 140164961955968 probe_scale.py:124:<module>] record about <redacted>
2026-10-10 00:20:03.821290: W scikitplot.cleanprompt._scale 140164961955968 probe_scale.py:124:<module>] record about <redacted>
2026-10-10 00:20:03.821340: W scikitplot.cleanprompt._scale 140164961955968 probe_scale.py:124:<module>] record about <redacted>
2026-10-10 00:20:03.821388: W scikitplot.cleanprompt._scale 140164961955968 probe_scale.py:124:<module>] record about <redacted>
2026-10-10 00:20:03.821436: W scikitplot.cleanprompt._scale 140164961955968 probe_scale.py:124:<module>] record about <redacted>
2026-10-10 00:20:03.821483: W scikitplot.cleanprompt._scale 140164961955968 probe_scale.py:124:<module>] record about <redacted>
2026-10-10 00:20:03.821531: W scikitplot.cleanprompt._scale 140164961955968 probe_scale.py:124:<module>] record about <redacted>
2026-10-10 00:20:03.821579: W scikitplot.cleanprompt._scale 140164961955968 probe_scale.py:124:<module>] record about <redacted>
2026-10-10 00:20:03.821666: W scikitplot.cleanprompt._scale 140164961955968 probe_scale.py:124:<module>] record about <redacted>
2026-10-10 00:20:03.821720: W scikitplot.cleanprompt._scale 140164961955968 probe_scale.py:124:<module>] record about <redacted>
2026-10-10 00:20:03.821770: W scikitplot.cleanprompt._scale 140164961955968 probe_scale.py:124:<module>] record about <redacted>
2026-10-10 00:20:03.821841: W scikitplot.cleanprompt._scale 140164961955968 probe_scale.py:124:<module>] record about <redacted>
2026-10-10 00:20:03.821888: W scikitplot.cleanprompt._scale 140164961955968 probe_scale.py:124:<module>] record about <redacted>
2026-10-10 00:20:03.821936: W scikitplot.cleanprompt._scale 140164961955968 probe_scale.py:124:<module>] record about <redacted>
2026-10-10 00:20:03.821985: W scikitplot.cleanprompt._scale 140164961955968 probe_scale.py:124:<module>] record about <redacted>
2026-10-10 00:20:03.822033: W scikitplot.cleanprompt._scale 140164961955968 probe_scale.py:124:<module>] record about <redacted>
2026-10-10 00:20:03.822080: W scikitplot.cleanprompt._scale 140164961955968 probe_scale.py:124:<module>] record about <redacted>
2026-10-10 00:20:03.822126: W scikitplot.cleanprompt._scale 140164961955968 probe_scale.py:124:<module>] record about <redacted>
2026-10-10 00:20:03.822184: W scikitplot.cleanprompt._scale 140164961955968 probe_scale.py:124:<module>] record about <redacted>
2026-10-10 00:20:03.822232: W scikitplot.cleanprompt._scale 140164961955968 probe_scale.py:124:<module>] record about <redacted>
2026-10-10 00:20:03.822280: W scikitplot.cleanprompt._scale 140164961955968 probe_scale.py:124:<module>] record about <redacted>
2026-10-10 00:20:03.822327: W scikitplot.cleanprompt._scale 140164961955968 probe_scale.py:124:<module>] record about <redacted>
2026-10-10 00:20:03.822376: W scikitplot.cleanprompt._scale 140164961955968 probe_scale.py:124:<module>] record about <redacted>
2026-10-10 00:20:03.822424: W scikitplot.cleanprompt._scale 140164961955968 probe_scale.py:124:<module>] record about <redacted>
2026-10-10 00:20:03.822470: W scikitplot.cleanprompt._scale 140164961955968 probe_scale.py:124:<module>] record about <redacted>
2026-10-10 00:20:03.822523: W scikitplot.cleanprompt._scale 140164961955968 probe_scale.py:124:<module>] record about <redacted>
2026-10-10 00:20:03.822573: W scikitplot.cleanprompt._scale 140164961955968 probe_scale.py:124:<module>] record about <redacted>
2026-10-10 00:20:03.822657: W scikitplot.cleanprompt._scale 140164961955968 probe_scale.py:124:<module>] record about <redacted>
2026-10-10 00:20:03.822784: W scikitplot.cleanprompt._scale 140164961955968 probe_scale.py:124:<module>] record about <redacted>
2026-10-10 00:20:03.822885: W scikitplot.cleanprompt._scale 140164961955968 probe_scale.py:124:<module>] record about <redacted>
2026-10-10 00:20:03.822949: W scikitplot.cleanprompt._scale 140164961955968 probe_scale.py:124:<module>] record about <redacted>
2026-10-10 00:20:03.823001: W scikitplot.cleanprompt._scale 140164961955968 probe_scale.py:124:<module>] record about <redacted>
2026-10-10 00:20:03.823049: W scikitplot.cleanprompt._scale 140164961955968 probe_scale.py:124:<module>] record about <redacted>
2026-10-10 00:20:03.823097: W scikitplot.cleanprompt._scale 140164961955968 probe_scale.py:124:<module>] record about <redacted>
2026-10-10 00:20:03.823146: W scikitplot.cleanprompt._scale 140164961955968 probe_scale.py:124:<module>] record about <redacted>
2026-10-10 00:20:03.823201: W scikitplot.cleanprompt._scale 140164961955968 probe_scale.py:124:<module>] record about <redacted>
2026-10-10 00:20:03.823251: W scikitplot.cleanprompt._scale 140164961955968 probe_scale.py:124:<module>] record about <redacted>
2026-10-10 00:20:03.823300: W scikitplot.cleanprompt._scale 140164961955968 probe_scale.py:124:<module>] record about <redacted>
2026-10-10 00:20:03.823346: W scikitplot.cleanprompt._scale 140164961955968 probe_scale.py:124:<module>] record about <redacted>
2026-10-10 00:20:03.823395: W scikitplot.cleanprompt._scale 140164961955968 probe_scale.py:124:<module>] record about <redacted>
2026-10-10 00:20:03.823444: W scikitplot.cleanprompt._scale 140164961955968 probe_scale.py:124:<module>] record about <redacted>
2026-10-10 00:20:03.823492: W scikitplot.cleanprompt._scale 140164961955968 probe_scale.py:124:<module>] record about <redacted>
2026-10-10 00:20:03.823540: W scikitplot.cleanprompt._scale 140164961955968 probe_scale.py:124:<module>] record about <redacted>
2026-10-10 00:20:03.823586: W scikitplot.cleanprompt._scale 140164961955968 probe_scale.py:124:<module>] record about <redacted>
2026-10-10 00:20:03.823676: W scikitplot.cleanprompt._scale 140164961955968 probe_scale.py:124:<module>] record about <redacted>
2026-10-10 00:20:03.823729: W scikitplot.cleanprompt._scale 140164961955968 probe_scale.py:124:<module>] record about <redacted>
2026-10-10 00:20:03.823779: W scikitplot.cleanprompt._scale 140164961955968 probe_scale.py:124:<module>] record about <redacted>
2026-10-10 00:20:03.823828: W scikitplot.cleanprompt._scale 140164961955968 probe_scale.py:124:<module>] record about <redacted>
2026-10-10 00:20:03.823876: W scikitplot.cleanprompt._scale 140164961955968 probe_scale.py:124:<module>] record about <redacted>
2026-10-10 00:20:03.823925: W scikitplot.cleanprompt._scale 140164961955968 probe_scale.py:124:<module>] record about <redacted>
2026-10-10 00:20:03.823973: W scikitplot.cleanprompt._scale 140164961955968 probe_scale.py:124:<module>] record about <redacted>
2026-10-10 00:20:03.824022: W scikitplot.cleanprompt._scale 140164961955968 probe_scale.py:124:<module>] record about <redacted>
2026-10-10 00:20:03.824069: W scikitplot.cleanprompt._scale 140164961955968 probe_scale.py:124:<module>] record about <redacted>
2026-10-10 00:20:03.824117: W scikitplot.cleanprompt._scale 140164961955968 probe_scale.py:124:<module>] record about <redacted>
2026-10-10 00:20:03.824171: W scikitplot.cleanprompt._scale 140164961955968 probe_scale.py:124:<module>] record about <redacted>
2026-10-10 00:20:03.824219: W scikitplot.cleanprompt._scale 140164961955968 probe_scale.py:124:<module>] record about <redacted>
2026-10-10 00:20:03.824275: W scikitplot.cleanprompt._scale 140164961955968 probe_scale.py:124:<module>] record about <redacted>
2026-10-10 00:20:03.824325: W scikitplot.cleanprompt._scale 140164961955968 probe_scale.py:124:<module>] record about <redacted>
2026-10-10 00:20:03.824373: W scikitplot.cleanprompt._scale 140164961955968 probe_scale.py:124:<module>] record about <redacted>
2026-10-10 00:20:03.824419: W scikitplot.cleanprompt._scale 140164961955968 probe_scale.py:124:<module>] record about <redacted>
2026-10-10 00:20:03.824466: W scikitplot.cleanprompt._scale 140164961955968 probe_scale.py:124:<module>] record about <redacted>
2026-10-10 00:20:03.824512: W scikitplot.cleanprompt._scale 140164961955968 probe_scale.py:124:<module>] record about <redacted>
2026-10-10 00:20:03.824558: W scikitplot.cleanprompt._scale 140164961955968 probe_scale.py:124:<module>] record about <redacted>
2026-10-10 00:20:03.824632: W scikitplot.cleanprompt._scale 140164961955968 probe_scale.py:124:<module>] record about <redacted>
2026-10-10 00:20:03.824693: W scikitplot.cleanprompt._scale 140164961955968 probe_scale.py:124:<module>] record about <redacted>
2026-10-10 00:20:03.824742: W scikitplot.cleanprompt._scale 140164961955968 probe_scale.py:124:<module>] record about <redacted>
2026-10-10 00:20:03.824792: W scikitplot.cleanprompt._scale 140164961955968 probe_scale.py:124:<module>] record about <redacted>
2026-10-10 00:20:03.824839: W scikitplot.cleanprompt._scale 140164961955968 probe_scale.py:124:<module>] record about <redacted>
2026-10-10 00:20:03.824888: W scikitplot.cleanprompt._scale 140164961955968 probe_scale.py:124:<module>] record about <redacted>
2026-10-10 00:20:03.824935: W scikitplot.cleanprompt._scale 140164961955968 probe_scale.py:124:<module>] record about <redacted>
2026-10-10 00:20:03.824981: W scikitplot.cleanprompt._scale 140164961955968 probe_scale.py:124:<module>] record about <redacted>
2026-10-10 00:20:03.825029: W scikitplot.cleanprompt._scale 140164961955968 probe_scale.py:124:<module>] record about <redacted>
2026-10-10 00:20:03.825076: W scikitplot.cleanprompt._scale 140164961955968 probe_scale.py:124:<module>] record about <redacted>
2026-10-10 00:20:03.825123: W scikitplot.cleanprompt._scale 140164961955968 probe_scale.py:124:<module>] record about <redacted>
2026-10-10 00:20:03.825178: W scikitplot.cleanprompt._scale 140164961955968 probe_scale.py:124:<module>] record about <redacted>
2026-10-10 00:20:03.825226: W scikitplot.cleanprompt._scale 140164961955968 probe_scale.py:124:<module>] record about <redacted>
2026-10-10 00:20:03.825274: W scikitplot.cleanprompt._scale 140164961955968 probe_scale.py:124:<module>] record about <redacted>
2026-10-10 00:20:03.825320: W scikitplot.cleanprompt._scale 140164961955968 probe_scale.py:124:<module>] record about <redacted>
2026-10-10 00:20:03.825367: W scikitplot.cleanprompt._scale 140164961955968 probe_scale.py:124:<module>] record about <redacted>
2026-10-10 00:20:03.825413: W scikitplot.cleanprompt._scale 140164961955968 probe_scale.py:124:<module>] record about <redacted>
2026-10-10 00:20:03.825461: W scikitplot.cleanprompt._scale 140164961955968 probe_scale.py:124:<module>] record about <redacted>
2026-10-10 00:20:03.825508: W scikitplot.cleanprompt._scale 140164961955968 probe_scale.py:124:<module>] record about <redacted>
2026-10-10 00:20:03.825554: W scikitplot.cleanprompt._scale 140164961955968 probe_scale.py:124:<module>] record about <redacted>
2026-10-10 00:20:03.825629: W scikitplot.cleanprompt._scale 140164961955968 probe_scale.py:124:<module>] record about <redacted>
2026-10-10 00:20:03.825691: W scikitplot.cleanprompt._scale 140164961955968 probe_scale.py:124:<module>] record about <redacted>
2026-10-10 00:20:03.825741: W scikitplot.cleanprompt._scale 140164961955968 probe_scale.py:124:<module>] record about <redacted>
2026-10-10 00:20:03.825788: W scikitplot.cleanprompt._scale 140164961955968 probe_scale.py:124:<module>] record about <redacted>
2026-10-10 00:20:03.825836: W scikitplot.cleanprompt._scale 140164961955968 probe_scale.py:124:<module>] record about <redacted>
2026-10-10 00:20:03.825890: W scikitplot.cleanprompt._scale 140164961955968 probe_scale.py:124:<module>] record about <redacted>
2026-10-10 00:20:03.825937: W scikitplot.cleanprompt._scale 140164961955968 probe_scale.py:124:<module>] record about <redacted>
2026-10-10 00:20:03.825983: W scikitplot.cleanprompt._scale 140164961955968 probe_scale.py:124:<module>] record about <redacted>
2026-10-10 00:20:03.826030: W scikitplot.cleanprompt._scale 140164961955968 probe_scale.py:124:<module>] record about <redacted>
2026-10-10 00:20:03.826078: W scikitplot.cleanprompt._scale 140164961955968 probe_scale.py:124:<module>] record about <redacted>
2026-10-10 00:20:03.826125: W scikitplot.cleanprompt._scale 140164961955968 probe_scale.py:124:<module>] record about <redacted>
2026-10-10 00:20:03.826180: W scikitplot.cleanprompt._scale 140164961955968 probe_scale.py:124:<module>] record about <redacted>
2026-10-10 00:20:03.826228: W scikitplot.cleanprompt._scale 140164961955968 probe_scale.py:124:<module>] record about <redacted>
2026-10-10 00:20:03.826275: W scikitplot.cleanprompt._scale 140164961955968 probe_scale.py:124:<module>] record about <redacted>
2026-10-10 00:20:03.826323: W scikitplot.cleanprompt._scale 140164961955968 probe_scale.py:124:<module>] record about <redacted>
2026-10-10 00:20:03.826372: W scikitplot.cleanprompt._scale 140164961955968 probe_scale.py:124:<module>] record about <redacted>
2026-10-10 00:20:03.826420: W scikitplot.cleanprompt._scale 140164961955968 probe_scale.py:124:<module>] record about <redacted>
2026-10-10 00:20:03.826467: W scikitplot.cleanprompt._scale 140164961955968 probe_scale.py:124:<module>] record about <redacted>
2026-10-10 00:20:03.826514: W scikitplot.cleanprompt._scale 140164961955968 probe_scale.py:124:<module>] record about <redacted>
2026-10-10 00:20:03.826560: W scikitplot.cleanprompt._scale 140164961955968 probe_scale.py:124:<module>] record about <redacted>
2026-10-10 00:20:03.826637: W scikitplot.cleanprompt._scale 140164961955968 probe_scale.py:124:<module>] record about <redacted>
2026-10-10 00:20:03.826751: W scikitplot.cleanprompt._scale 140164961955968 probe_scale.py:124:<module>] record about <redacted>
2026-10-10 00:20:03.826814: W scikitplot.cleanprompt._scale 140164961955968 probe_scale.py:124:<module>] record about <redacted>
2026-10-10 00:20:03.826863: W scikitplot.cleanprompt._scale 140164961955968 probe_scale.py:124:<module>] record about <redacted>
2026-10-10 00:20:03.826911: W scikitplot.cleanprompt._scale 140164961955968 probe_scale.py:124:<module>] record about <redacted>
2026-10-10 00:20:03.826959: W scikitplot.cleanprompt._scale 140164961955968 probe_scale.py:124:<module>] record about <redacted>
2026-10-10 00:20:03.827007: W scikitplot.cleanprompt._scale 140164961955968 probe_scale.py:124:<module>] record about <redacted>
2026-10-10 00:20:03.827054: W scikitplot.cleanprompt._scale 140164961955968 probe_scale.py:124:<module>] record about <redacted>
2026-10-10 00:20:03.827101: W scikitplot.cleanprompt._scale 140164961955968 probe_scale.py:124:<module>] record about <redacted>
2026-10-10 00:20:03.827157: W scikitplot.cleanprompt._scale 140164961955968 probe_scale.py:124:<module>] record about <redacted>
2026-10-10 00:20:03.827207: W scikitplot.cleanprompt._scale 140164961955968 probe_scale.py:124:<module>] record about <redacted>
2026-10-10 00:20:03.827255: W scikitplot.cleanprompt._scale 140164961955968 probe_scale.py:124:<module>] record about <redacted>
2026-10-10 00:20:03.827303: W scikitplot.cleanprompt._scale 140164961955968 probe_scale.py:124:<module>] record about <redacted>
2026-10-10 00:20:03.827351: W scikitplot.cleanprompt._scale 140164961955968 probe_scale.py:124:<module>] record about <redacted>
2026-10-10 00:20:03.827398: W scikitplot.cleanprompt._scale 140164961955968 probe_scale.py:124:<module>] record about <redacted>
2026-10-10 00:20:03.827446: W scikitplot.cleanprompt._scale 140164961955968 probe_scale.py:124:<module>] record about <redacted>
2026-10-10 00:20:03.827495: W scikitplot.cleanprompt._scale 140164961955968 probe_scale.py:124:<module>] record about <redacted>
2026-10-10 00:20:03.827548: W scikitplot.cleanprompt._scale 140164961955968 probe_scale.py:124:<module>] record about <redacted>
2026-10-10 00:20:03.827597: W scikitplot.cleanprompt._scale 140164961955968 probe_scale.py:124:<module>] record about <redacted>
2026-10-10 00:20:03.827685: W scikitplot.cleanprompt._scale 140164961955968 probe_scale.py:124:<module>] record about <redacted>
2026-10-10 00:20:03.827736: W scikitplot.cleanprompt._scale 140164961955968 probe_scale.py:124:<module>] record about <redacted>
2026-10-10 00:20:03.827784: W scikitplot.cleanprompt._scale 140164961955968 probe_scale.py:124:<module>] record about <redacted>
2026-10-10 00:20:03.827837: W scikitplot.cleanprompt._scale 140164961955968 probe_scale.py:124:<module>] record about <redacted>
2026-10-10 00:20:03.827885: W scikitplot.cleanprompt._scale 140164961955968 probe_scale.py:124:<module>] record about <redacted>
2026-10-10 00:20:03.827934: W scikitplot.cleanprompt._scale 140164961955968 probe_scale.py:124:<module>] record about <redacted>
2026-10-10 00:20:03.827982: W scikitplot.cleanprompt._scale 140164961955968 probe_scale.py:124:<module>] record about <redacted>
2026-10-10 00:20:03.828030: W scikitplot.cleanprompt._scale 140164961955968 probe_scale.py:124:<module>] record about <redacted>
2026-10-10 00:20:03.828077: W scikitplot.cleanprompt._scale 140164961955968 probe_scale.py:124:<module>] record about <redacted>
2026-10-10 00:20:03.828126: W scikitplot.cleanprompt._scale 140164961955968 probe_scale.py:124:<module>] record about <redacted>
2026-10-10 00:20:03.828181: W scikitplot.cleanprompt._scale 140164961955968 probe_scale.py:124:<module>] record about <redacted>
2026-10-10 00:20:03.828229: W scikitplot.cleanprompt._scale 140164961955968 probe_scale.py:124:<module>] record about <redacted>
2026-10-10 00:20:03.828278: W scikitplot.cleanprompt._scale 140164961955968 probe_scale.py:124:<module>] record about <redacted>
2026-10-10 00:20:03.828326: W scikitplot.cleanprompt._scale 140164961955968 probe_scale.py:124:<module>] record about <redacted>
2026-10-10 00:20:03.828374: W scikitplot.cleanprompt._scale 140164961955968 probe_scale.py:124:<module>] record about <redacted>
2026-10-10 00:20:03.828421: W scikitplot.cleanprompt._scale 140164961955968 probe_scale.py:124:<module>] record about <redacted>
2026-10-10 00:20:03.828466: W scikitplot.cleanprompt._scale 140164961955968 probe_scale.py:124:<module>] record about <redacted>
2026-10-10 00:20:03.828512: W scikitplot.cleanprompt._scale 140164961955968 probe_scale.py:124:<module>] record about <redacted>
2026-10-10 00:20:03.828558: W scikitplot.cleanprompt._scale 140164961955968 probe_scale.py:124:<module>] record about <redacted>
2026-10-10 00:20:03.828635: W scikitplot.cleanprompt._scale 140164961955968 probe_scale.py:124:<module>] record about <redacted>
2026-10-10 00:20:03.828700: W scikitplot.cleanprompt._scale 140164961955968 probe_scale.py:124:<module>] record about <redacted>
2026-10-10 00:20:03.828749: W scikitplot.cleanprompt._scale 140164961955968 probe_scale.py:124:<module>] record about <redacted>
2026-10-10 00:20:03.828797: W scikitplot.cleanprompt._scale 140164961955968 probe_scale.py:124:<module>] record about <redacted>
2026-10-10 00:20:03.828846: W scikitplot.cleanprompt._scale 140164961955968 probe_scale.py:124:<module>] record about <redacted>
2026-10-10 00:20:03.828892: W scikitplot.cleanprompt._scale 140164961955968 probe_scale.py:124:<module>] record about <redacted>
2026-10-10 00:20:03.828939: W scikitplot.cleanprompt._scale 140164961955968 probe_scale.py:124:<module>] record about <redacted>
2026-10-10 00:20:03.828987: W scikitplot.cleanprompt._scale 140164961955968 probe_scale.py:124:<module>] record about <redacted>
2026-10-10 00:20:03.829036: W scikitplot.cleanprompt._scale 140164961955968 probe_scale.py:124:<module>] record about <redacted>
2026-10-10 00:20:03.829083: W scikitplot.cleanprompt._scale 140164961955968 probe_scale.py:124:<module>] record about <redacted>
2026-10-10 00:20:03.829132: W scikitplot.cleanprompt._scale 140164961955968 probe_scale.py:124:<module>] record about <redacted>
2026-10-10 00:20:03.829192: W scikitplot.cleanprompt._scale 140164961955968 probe_scale.py:124:<module>] record about <redacted>
2026-10-10 00:20:03.829241: W scikitplot.cleanprompt._scale 140164961955968 probe_scale.py:124:<module>] record about <redacted>
2026-10-10 00:20:03.829289: W scikitplot.cleanprompt._scale 140164961955968 probe_scale.py:124:<module>] record about <redacted>
2026-10-10 00:20:03.829341: W scikitplot.cleanprompt._scale 140164961955968 probe_scale.py:124:<module>] record about <redacted>
2026-10-10 00:20:03.829388: W scikitplot.cleanprompt._scale 140164961955968 probe_scale.py:124:<module>] record about <redacted>
2026-10-10 00:20:03.829436: W scikitplot.cleanprompt._scale 140164961955968 probe_scale.py:124:<module>] record about <redacted>
2026-10-10 00:20:03.829482: W scikitplot.cleanprompt._scale 140164961955968 probe_scale.py:124:<module>] record about <redacted>
2026-10-10 00:20:03.829529: W scikitplot.cleanprompt._scale 140164961955968 probe_scale.py:124:<module>] record about <redacted>
2026-10-10 00:20:03.829576: W scikitplot.cleanprompt._scale 140164961955968 probe_scale.py:124:<module>] record about <redacted>
2026-10-10 00:20:03.829663: W scikitplot.cleanprompt._scale 140164961955968 probe_scale.py:124:<module>] record about <redacted>
2026-10-10 00:20:03.829716: W scikitplot.cleanprompt._scale 140164961955968 probe_scale.py:124:<module>] record about <redacted>
2026-10-10 00:20:03.829766: W scikitplot.cleanprompt._scale 140164961955968 probe_scale.py:124:<module>] record about <redacted>
2026-10-10 00:20:03.829815: W scikitplot.cleanprompt._scale 140164961955968 probe_scale.py:124:<module>] record about <redacted>
2026-10-10 00:20:03.829862: W scikitplot.cleanprompt._scale 140164961955968 probe_scale.py:124:<module>] record about <redacted>
2026-10-10 00:20:03.829911: W scikitplot.cleanprompt._scale 140164961955968 probe_scale.py:124:<module>] record about <redacted>
2026-10-10 00:20:03.829960: W scikitplot.cleanprompt._scale 140164961955968 probe_scale.py:124:<module>] record about <redacted>
2026-10-10 00:20:03.830008: W scikitplot.cleanprompt._scale 140164961955968 probe_scale.py:124:<module>] record about <redacted>
2026-10-10 00:20:03.830055: W scikitplot.cleanprompt._scale 140164961955968 probe_scale.py:124:<module>] record about <redacted>
2026-10-10 00:20:03.830104: W scikitplot.cleanprompt._scale 140164961955968 probe_scale.py:124:<module>] record about <redacted>
2026-10-10 00:20:03.830157: W scikitplot.cleanprompt._scale 140164961955968 probe_scale.py:124:<module>] record about <redacted>
2026-10-10 00:20:03.830208: W scikitplot.cleanprompt._scale 140164961955968 probe_scale.py:124:<module>] record about <redacted>
2026-10-10 00:20:03.830256: W scikitplot.cleanprompt._scale 140164961955968 probe_scale.py:124:<module>] record about <redacted>
2026-10-10 00:20:03.830305: W scikitplot.cleanprompt._scale 140164961955968 probe_scale.py:124:<module>] record about <redacted>
2026-10-10 00:20:03.830352: W scikitplot.cleanprompt._scale 140164961955968 probe_scale.py:124:<module>] record about <redacted>
2026-10-10 00:20:03.830399: W scikitplot.cleanprompt._scale 140164961955968 probe_scale.py:124:<module>] record about <redacted>
2026-10-10 00:20:03.830447: W scikitplot.cleanprompt._scale 140164961955968 probe_scale.py:124:<module>] record about <redacted>
2026-10-10 00:20:03.830494: W scikitplot.cleanprompt._scale 140164961955968 probe_scale.py:124:<module>] record about <redacted>
2026-10-10 00:20:03.830542: W scikitplot.cleanprompt._scale 140164961955968 probe_scale.py:124:<module>] record about <redacted>
2026-10-10 00:20:03.830588: W scikitplot.cleanprompt._scale 140164961955968 probe_scale.py:124:<module>] record about <redacted>
2026-10-10 00:20:03.830675: W scikitplot.cleanprompt._scale 140164961955968 probe_scale.py:124:<module>] record about <redacted>
2026-10-10 00:20:03.830776: W scikitplot.cleanprompt._scale 140164961955968 probe_scale.py:124:<module>] record about <redacted>
2026-10-10 00:20:03.830833: W scikitplot.cleanprompt._scale 140164961955968 probe_scale.py:124:<module>] record about <redacted>
2026-10-10 00:20:03.830883: W scikitplot.cleanprompt._scale 140164961955968 probe_scale.py:124:<module>] record about <redacted>
2026-10-10 00:20:03.830930: W scikitplot.cleanprompt._scale 140164961955968 probe_scale.py:124:<module>] record about <redacted>
2026-10-10 00:20:03.830979: W scikitplot.cleanprompt._scale 140164961955968 probe_scale.py:124:<module>] record about <redacted>
2026-10-10 00:20:03.831026: W scikitplot.cleanprompt._scale 140164961955968 probe_scale.py:124:<module>] record about <redacted>
2026-10-10 00:20:03.831074: W scikitplot.cleanprompt._scale 140164961955968 probe_scale.py:124:<module>] record about <redacted>
2026-10-10 00:20:03.831121: W scikitplot.cleanprompt._scale 140164961955968 probe_scale.py:124:<module>] record about <redacted>
2026-10-10 00:20:03.831176: W scikitplot.cleanprompt._scale 140164961955968 probe_scale.py:124:<module>] record about <redacted>
2026-10-10 00:20:03.831223: W scikitplot.cleanprompt._scale 140164961955968 probe_scale.py:124:<module>] record about <redacted>
2026-10-10 00:20:03.831271: W scikitplot.cleanprompt._scale 140164961955968 probe_scale.py:124:<module>] record about <redacted>
2026-10-10 00:20:03.831318: W scikitplot.cleanprompt._scale 140164961955968 probe_scale.py:124:<module>] record about <redacted>
2026-10-10 00:20:03.831366: W scikitplot.cleanprompt._scale 140164961955968 probe_scale.py:124:<module>] record about <redacted>
2026-10-10 00:20:03.831414: W scikitplot.cleanprompt._scale 140164961955968 probe_scale.py:124:<module>] record about <redacted>
2026-10-10 00:20:03.831463: W scikitplot.cleanprompt._scale 140164961955968 probe_scale.py:124:<module>] record about <redacted>
2026-10-10 00:20:03.831510: W scikitplot.cleanprompt._scale 140164961955968 probe_scale.py:124:<module>] record about <redacted>
2026-10-10 00:20:03.831557: W scikitplot.cleanprompt._scale 140164961955968 probe_scale.py:124:<module>] record about <redacted>
2026-10-10 00:20:03.831630: W scikitplot.cleanprompt._scale 140164961955968 probe_scale.py:124:<module>] record about <redacted>
2026-10-10 00:20:03.831692: W scikitplot.cleanprompt._scale 140164961955968 probe_scale.py:124:<module>] record about <redacted>
2026-10-10 00:20:03.831741: W scikitplot.cleanprompt._scale 140164961955968 probe_scale.py:124:<module>] record about <redacted>
2026-10-10 00:20:03.831789: W scikitplot.cleanprompt._scale 140164961955968 probe_scale.py:124:<module>] record about <redacted>
2026-10-10 00:20:03.831836: W scikitplot.cleanprompt._scale 140164961955968 probe_scale.py:124:<module>] record about <redacted>
2026-10-10 00:20:03.831884: W scikitplot.cleanprompt._scale 140164961955968 probe_scale.py:124:<module>] record about <redacted>
2026-10-10 00:20:03.831932: W scikitplot.cleanprompt._scale 140164961955968 probe_scale.py:124:<module>] record about <redacted>
2026-10-10 00:20:03.831981: W scikitplot.cleanprompt._scale 140164961955968 probe_scale.py:124:<module>] record about <redacted>
2026-10-10 00:20:03.832029: W scikitplot.cleanprompt._scale 140164961955968 probe_scale.py:124:<module>] record about <redacted>
2026-10-10 00:20:03.832076: W scikitplot.cleanprompt._scale 140164961955968 probe_scale.py:124:<module>] record about <redacted>
2026-10-10 00:20:03.832127: W scikitplot.cleanprompt._scale 140164961955968 probe_scale.py:124:<module>] record about <redacted>
2026-10-10 00:20:03.832181: W scikitplot.cleanprompt._scale 140164961955968 probe_scale.py:124:<module>] record about <redacted>
2026-10-10 00:20:03.832229: W scikitplot.cleanprompt._scale 140164961955968 probe_scale.py:124:<module>] record about <redacted>
2026-10-10 00:20:03.832275: W scikitplot.cleanprompt._scale 140164961955968 probe_scale.py:124:<module>] record about <redacted>
2026-10-10 00:20:03.832321: W scikitplot.cleanprompt._scale 140164961955968 probe_scale.py:124:<module>] record about <redacted>
2026-10-10 00:20:03.832367: W scikitplot.cleanprompt._scale 140164961955968 probe_scale.py:124:<module>] record about <redacted>
2026-10-10 00:20:03.832420: W scikitplot.cleanprompt._scale 140164961955968 probe_scale.py:124:<module>] record about <redacted>
2026-10-10 00:20:03.832468: W scikitplot.cleanprompt._scale 140164961955968 probe_scale.py:124:<module>] record about <redacted>
2026-10-10 00:20:03.832515: W scikitplot.cleanprompt._scale 140164961955968 probe_scale.py:124:<module>] record about <redacted>
2026-10-10 00:20:03.832562: W scikitplot.cleanprompt._scale 140164961955968 probe_scale.py:124:<module>] record about <redacted>
2026-10-10 00:20:03.832636: W scikitplot.cleanprompt._scale 140164961955968 probe_scale.py:124:<module>] record about <redacted>
2026-10-10 00:20:03.832696: W scikitplot.cleanprompt._scale 140164961955968 probe_scale.py:124:<module>] record about <redacted>
2026-10-10 00:20:03.832745: W scikitplot.cleanprompt._scale 140164961955968 probe_scale.py:124:<module>] record about <redacted>
2026-10-10 00:20:03.832792: W scikitplot.cleanprompt._scale 140164961955968 probe_scale.py:124:<module>] record about <redacted>
2026-10-10 00:20:03.832841: W scikitplot.cleanprompt._scale 140164961955968 probe_scale.py:124:<module>] record about <redacted>
2026-10-10 00:20:03.832887: W scikitplot.cleanprompt._scale 140164961955968 probe_scale.py:124:<module>] record about <redacted>
2026-10-10 00:20:03.832936: W scikitplot.cleanprompt._scale 140164961955968 probe_scale.py:124:<module>] record about <redacted>
2026-10-10 00:20:03.832982: W scikitplot.cleanprompt._scale 140164961955968 probe_scale.py:124:<module>] record about <redacted>
2026-10-10 00:20:03.833029: W scikitplot.cleanprompt._scale 140164961955968 probe_scale.py:124:<module>] record about <redacted>
2026-10-10 00:20:03.833074: W scikitplot.cleanprompt._scale 140164961955968 probe_scale.py:124:<module>] record about <redacted>
2026-10-10 00:20:03.833122: W scikitplot.cleanprompt._scale 140164961955968 probe_scale.py:124:<module>] record about <redacted>
2026-10-10 00:20:03.833176: W scikitplot.cleanprompt._scale 140164961955968 probe_scale.py:124:<module>] record about <redacted>
2026-10-10 00:20:03.833223: W scikitplot.cleanprompt._scale 140164961955968 probe_scale.py:124:<module>] record about <redacted>
2026-10-10 00:20:03.833272: W scikitplot.cleanprompt._scale 140164961955968 probe_scale.py:124:<module>] record about <redacted>
2026-10-10 00:20:03.833319: W scikitplot.cleanprompt._scale 140164961955968 probe_scale.py:124:<module>] record about <redacted>
2026-10-10 00:20:03.833367: W scikitplot.cleanprompt._scale 140164961955968 probe_scale.py:124:<module>] record about <redacted>
2026-10-10 00:20:03.833413: W scikitplot.cleanprompt._scale 140164961955968 probe_scale.py:124:<module>] record about <redacted>
2026-10-10 00:20:03.833458: W scikitplot.cleanprompt._scale 140164961955968 probe_scale.py:124:<module>] record about <redacted>
2026-10-10 00:20:03.833506: W scikitplot.cleanprompt._scale 140164961955968 probe_scale.py:124:<module>] record about <redacted>
2026-10-10 00:20:03.833554: W scikitplot.cleanprompt._scale 140164961955968 probe_scale.py:124:<module>] record about <redacted>
2026-10-10 00:20:03.833628: W scikitplot.cleanprompt._scale 140164961955968 probe_scale.py:124:<module>] record about <redacted>
2026-10-10 00:20:03.833688: W scikitplot.cleanprompt._scale 140164961955968 probe_scale.py:124:<module>] record about <redacted>
2026-10-10 00:20:03.833738: W scikitplot.cleanprompt._scale 140164961955968 probe_scale.py:124:<module>] record about <redacted>
2026-10-10 00:20:03.833785: W scikitplot.cleanprompt._scale 140164961955968 probe_scale.py:124:<module>] record about <redacted>
2026-10-10 00:20:03.833832: W scikitplot.cleanprompt._scale 140164961955968 probe_scale.py:124:<module>] record about <redacted>
2026-10-10 00:20:03.833878: W scikitplot.cleanprompt._scale 140164961955968 probe_scale.py:124:<module>] record about <redacted>
2026-10-10 00:20:03.833945: W scikitplot.cleanprompt._scale 140164961955968 probe_scale.py:124:<module>] record about <redacted>
2026-10-10 00:20:03.833994: W scikitplot.cleanprompt._scale 140164961955968 probe_scale.py:124:<module>] record about <redacted>
2026-10-10 00:20:03.834048: W scikitplot.cleanprompt._scale 140164961955968 probe_scale.py:124:<module>] record about <redacted>
2026-10-10 00:20:03.834095: W scikitplot.cleanprompt._scale 140164961955968 probe_scale.py:124:<module>] record about <redacted>
2026-10-10 00:20:03.834142: W scikitplot.cleanprompt._scale 140164961955968 probe_scale.py:124:<module>] record about <redacted>
2026-10-10 00:20:03.834197: W scikitplot.cleanprompt._scale 140164961955968 probe_scale.py:124:<module>] record about <redacted>
2026-10-10 00:20:03.834248: W scikitplot.cleanprompt._scale 140164961955968 probe_scale.py:124:<module>] record about <redacted>
2026-10-10 00:20:03.834295: W scikitplot.cleanprompt._scale 140164961955968 probe_scale.py:124:<module>] record about <redacted>
2026-10-10 00:20:03.834341: W scikitplot.cleanprompt._scale 140164961955968 probe_scale.py:124:<module>] record about <redacted>
2026-10-10 00:20:03.834391: W scikitplot.cleanprompt._scale 140164961955968 probe_scale.py:124:<module>] record about <redacted>
2026-10-10 00:20:03.834438: W scikitplot.cleanprompt._scale 140164961955968 probe_scale.py:124:<module>] record about <redacted>
2026-10-10 00:20:03.834487: W scikitplot.cleanprompt._scale 140164961955968 probe_scale.py:124:<module>] record about <redacted>
2026-10-10 00:20:03.834535: W scikitplot.cleanprompt._scale 140164961955968 probe_scale.py:124:<module>] record about <redacted>
2026-10-10 00:20:03.834582: W scikitplot.cleanprompt._scale 140164961955968 probe_scale.py:124:<module>] record about <redacted>
2026-10-10 00:20:03.834667: W scikitplot.cleanprompt._scale 140164961955968 probe_scale.py:124:<module>] record about <redacted>
2026-10-10 00:20:03.834768: W scikitplot.cleanprompt._scale 140164961955968 probe_scale.py:124:<module>] record about <redacted>
2026-10-10 00:20:03.834820: W scikitplot.cleanprompt._scale 140164961955968 probe_scale.py:124:<module>] record about <redacted>
2026-10-10 00:20:03.834868: W scikitplot.cleanprompt._scale 140164961955968 probe_scale.py:124:<module>] record about <redacted>
2026-10-10 00:20:03.834917: W scikitplot.cleanprompt._scale 140164961955968 probe_scale.py:124:<module>] record about <redacted>
2026-10-10 00:20:03.834964: W scikitplot.cleanprompt._scale 140164961955968 probe_scale.py:124:<module>] record about <redacted>
2026-10-10 00:20:03.835013: W scikitplot.cleanprompt._scale 140164961955968 probe_scale.py:124:<module>] record about <redacted>
2026-10-10 00:20:03.835061: W scikitplot.cleanprompt._scale 140164961955968 probe_scale.py:124:<module>] record about <redacted>
2026-10-10 00:20:03.835108: W scikitplot.cleanprompt._scale 140164961955968 probe_scale.py:124:<module>] record about <redacted>
2026-10-10 00:20:03.835162: W scikitplot.cleanprompt._scale 140164961955968 probe_scale.py:124:<module>] record about <redacted>
2026-10-10 00:20:03.835211: W scikitplot.cleanprompt._scale 140164961955968 probe_scale.py:124:<module>] record about <redacted>
2026-10-10 00:20:03.835258: W scikitplot.cleanprompt._scale 140164961955968 probe_scale.py:124:<module>] record about <redacted>
2026-10-10 00:20:03.835305: W scikitplot.cleanprompt._scale 140164961955968 probe_scale.py:124:<module>] record about <redacted>
2026-10-10 00:20:03.835353: W scikitplot.cleanprompt._scale 140164961955968 probe_scale.py:124:<module>] record about <redacted>
2026-10-10 00:20:03.835398: W scikitplot.cleanprompt._scale 140164961955968 probe_scale.py:124:<module>] record about <redacted>
2026-10-10 00:20:03.835448: W scikitplot.cleanprompt._scale 140164961955968 probe_scale.py:124:<module>] record about <redacted>
2026-10-10 00:20:03.835494: W scikitplot.cleanprompt._scale 140164961955968 probe_scale.py:124:<module>] record about <redacted>
2026-10-10 00:20:03.835540: W scikitplot.cleanprompt._scale 140164961955968 probe_scale.py:124:<module>] record about <redacted>
2026-10-10 00:20:03.835587: W scikitplot.cleanprompt._scale 140164961955968 probe_scale.py:124:<module>] record about <redacted>
2026-10-10 00:20:03.835674: W scikitplot.cleanprompt._scale 140164961955968 probe_scale.py:124:<module>] record about <redacted>
2026-10-10 00:20:03.835732: W scikitplot.cleanprompt._scale 140164961955968 probe_scale.py:124:<module>] record about <redacted>
2026-10-10 00:20:03.835780: W scikitplot.cleanprompt._scale 140164961955968 probe_scale.py:124:<module>] record about <redacted>
2026-10-10 00:20:03.835829: W scikitplot.cleanprompt._scale 140164961955968 probe_scale.py:124:<module>] record about <redacted>
2026-10-10 00:20:03.835876: W scikitplot.cleanprompt._scale 140164961955968 probe_scale.py:124:<module>] record about <redacted>
2026-10-10 00:20:03.835924: W scikitplot.cleanprompt._scale 140164961955968 probe_scale.py:124:<module>] record about <redacted>
2026-10-10 00:20:03.835971: W scikitplot.cleanprompt._scale 140164961955968 probe_scale.py:124:<module>] record about <redacted>
2026-10-10 00:20:03.836018: W scikitplot.cleanprompt._scale 140164961955968 probe_scale.py:124:<module>] record about <redacted>
2026-10-10 00:20:03.836067: W scikitplot.cleanprompt._scale 140164961955968 probe_scale.py:124:<module>] record about <redacted>
2026-10-10 00:20:03.836115: W scikitplot.cleanprompt._scale 140164961955968 probe_scale.py:124:<module>] record about <redacted>
2026-10-10 00:20:03.836170: W scikitplot.cleanprompt._scale 140164961955968 probe_scale.py:124:<module>] record about <redacted>
2026-10-10 00:20:03.836219: W scikitplot.cleanprompt._scale 140164961955968 probe_scale.py:124:<module>] record about <redacted>
2026-10-10 00:20:03.836269: W scikitplot.cleanprompt._scale 140164961955968 probe_scale.py:124:<module>] record about <redacted>
2026-10-10 00:20:03.836315: W scikitplot.cleanprompt._scale 140164961955968 probe_scale.py:124:<module>] record about <redacted>
2026-10-10 00:20:03.836363: W scikitplot.cleanprompt._scale 140164961955968 probe_scale.py:124:<module>] record about <redacted>
2026-10-10 00:20:03.836409: W scikitplot.cleanprompt._scale 140164961955968 probe_scale.py:124:<module>] record about <redacted>
2026-10-10 00:20:03.836457: W scikitplot.cleanprompt._scale 140164961955968 probe_scale.py:124:<module>] record about <redacted>
2026-10-10 00:20:03.836504: W scikitplot.cleanprompt._scale 140164961955968 probe_scale.py:124:<module>] record about <redacted>
2026-10-10 00:20:03.836550: W scikitplot.cleanprompt._scale 140164961955968 probe_scale.py:124:<module>] record about <redacted>
2026-10-10 00:20:03.836597: W scikitplot.cleanprompt._scale 140164961955968 probe_scale.py:124:<module>] record about <redacted>
2026-10-10 00:20:03.836691: W scikitplot.cleanprompt._scale 140164961955968 probe_scale.py:124:<module>] record about <redacted>
2026-10-10 00:20:03.836741: W scikitplot.cleanprompt._scale 140164961955968 probe_scale.py:124:<module>] record about <redacted>
2026-10-10 00:20:03.836790: W scikitplot.cleanprompt._scale 140164961955968 probe_scale.py:124:<module>] record about <redacted>
2026-10-10 00:20:03.836839: W scikitplot.cleanprompt._scale 140164961955968 probe_scale.py:124:<module>] record about <redacted>
2026-10-10 00:20:03.836888: W scikitplot.cleanprompt._scale 140164961955968 probe_scale.py:124:<module>] record about <redacted>
2026-10-10 00:20:03.836936: W scikitplot.cleanprompt._scale 140164961955968 probe_scale.py:124:<module>] record about <redacted>
2026-10-10 00:20:03.836983: W scikitplot.cleanprompt._scale 140164961955968 probe_scale.py:124:<module>] record about <redacted>
2026-10-10 00:20:03.837031: W scikitplot.cleanprompt._scale 140164961955968 probe_scale.py:124:<module>] record about <redacted>
2026-10-10 00:20:03.837081: W scikitplot.cleanprompt._scale 140164961955968 probe_scale.py:124:<module>] record about <redacted>
2026-10-10 00:20:03.837132: W scikitplot.cleanprompt._scale 140164961955968 probe_scale.py:124:<module>] record about <redacted>
2026-10-10 00:20:03.837188: W scikitplot.cleanprompt._scale 140164961955968 probe_scale.py:124:<module>] record about <redacted>
2026-10-10 00:20:03.837234: W scikitplot.cleanprompt._scale 140164961955968 probe_scale.py:124:<module>] record about <redacted>
2026-10-10 00:20:03.837290: W scikitplot.cleanprompt._scale 140164961955968 probe_scale.py:124:<module>] record about <redacted>
2026-10-10 00:20:03.837338: W scikitplot.cleanprompt._scale 140164961955968 probe_scale.py:124:<module>] record about <redacted>
2026-10-10 00:20:03.837385: W scikitplot.cleanprompt._scale 140164961955968 probe_scale.py:124:<module>] record about <redacted>
2026-10-10 00:20:03.837431: W scikitplot.cleanprompt._scale 140164961955968 probe_scale.py:124:<module>] record about <redacted>
2026-10-10 00:20:03.837478: W scikitplot.cleanprompt._scale 140164961955968 probe_scale.py:124:<module>] record about <redacted>
2026-10-10 00:20:03.837524: W scikitplot.cleanprompt._scale 140164961955968 probe_scale.py:124:<module>] record about <redacted>
2026-10-10 00:20:03.837570: W scikitplot.cleanprompt._scale 140164961955968 probe_scale.py:124:<module>] record about <redacted>
2026-10-10 00:20:03.837651: W scikitplot.cleanprompt._scale 140164961955968 probe_scale.py:124:<module>] record about <redacted>
2026-10-10 00:20:03.837704: W scikitplot.cleanprompt._scale 140164961955968 probe_scale.py:124:<module>] record about <redacted>
2026-10-10 00:20:03.837754: W scikitplot.cleanprompt._scale 140164961955968 probe_scale.py:124:<module>] record about <redacted>
2026-10-10 00:20:03.837802: W scikitplot.cleanprompt._scale 140164961955968 probe_scale.py:124:<module>] record about <redacted>
2026-10-10 00:20:03.837849: W scikitplot.cleanprompt._scale 140164961955968 probe_scale.py:124:<module>] record about <redacted>
2026-10-10 00:20:03.837896: W scikitplot.cleanprompt._scale 140164961955968 probe_scale.py:124:<module>] record about <redacted>
2026-10-10 00:20:03.837942: W scikitplot.cleanprompt._scale 140164961955968 probe_scale.py:124:<module>] record about <redacted>
2026-10-10 00:20:03.837989: W scikitplot.cleanprompt._scale 140164961955968 probe_scale.py:124:<module>] record about <redacted>
2026-10-10 00:20:03.838036: W scikitplot.cleanprompt._scale 140164961955968 probe_scale.py:124:<module>] record about <redacted>
2026-10-10 00:20:03.838083: W scikitplot.cleanprompt._scale 140164961955968 probe_scale.py:124:<module>] record about <redacted>
2026-10-10 00:20:03.838130: W scikitplot.cleanprompt._scale 140164961955968 probe_scale.py:124:<module>] record about <redacted>
2026-10-10 00:20:03.838185: W scikitplot.cleanprompt._scale 140164961955968 probe_scale.py:124:<module>] record about <redacted>
2026-10-10 00:20:03.838232: W scikitplot.cleanprompt._scale 140164961955968 probe_scale.py:124:<module>] record about <redacted>
2026-10-10 00:20:03.838280: W scikitplot.cleanprompt._scale 140164961955968 probe_scale.py:124:<module>] record about <redacted>
2026-10-10 00:20:03.838329: W scikitplot.cleanprompt._scale 140164961955968 probe_scale.py:124:<module>] record about <redacted>
2026-10-10 00:20:03.838376: W scikitplot.cleanprompt._scale 140164961955968 probe_scale.py:124:<module>] record about <redacted>
2026-10-10 00:20:03.838423: W scikitplot.cleanprompt._scale 140164961955968 probe_scale.py:124:<module>] record about <redacted>
2026-10-10 00:20:03.838469: W scikitplot.cleanprompt._scale 140164961955968 probe_scale.py:124:<module>] record about <redacted>
2026-10-10 00:20:03.838515: W scikitplot.cleanprompt._scale 140164961955968 probe_scale.py:124:<module>] record about <redacted>
2026-10-10 00:20:03.838561: W scikitplot.cleanprompt._scale 140164961955968 probe_scale.py:124:<module>] record about <redacted>
2026-10-10 00:20:03.838634: W scikitplot.cleanprompt._scale 140164961955968 probe_scale.py:124:<module>] record about <redacted>
2026-10-10 00:20:03.838742: W scikitplot.cleanprompt._scale 140164961955968 probe_scale.py:124:<module>] record about <redacted>
2026-10-10 00:20:03.838801: W scikitplot.cleanprompt._scale 140164961955968 probe_scale.py:124:<module>] record about <redacted>
2026-10-10 00:20:03.838850: W scikitplot.cleanprompt._scale 140164961955968 probe_scale.py:124:<module>] record about <redacted>
2026-10-10 00:20:03.838900: W scikitplot.cleanprompt._scale 140164961955968 probe_scale.py:124:<module>] record about <redacted>
2026-10-10 00:20:03.838955: W scikitplot.cleanprompt._scale 140164961955968 probe_scale.py:124:<module>] record about <redacted>
2026-10-10 00:20:03.839005: W scikitplot.cleanprompt._scale 140164961955968 probe_scale.py:124:<module>] record about <redacted>
2026-10-10 00:20:03.839051: W scikitplot.cleanprompt._scale 140164961955968 probe_scale.py:124:<module>] record about <redacted>
2026-10-10 00:20:03.839097: W scikitplot.cleanprompt._scale 140164961955968 probe_scale.py:124:<module>] record about <redacted>
2026-10-10 00:20:03.839144: W scikitplot.cleanprompt._scale 140164961955968 probe_scale.py:124:<module>] record about <redacted>
2026-10-10 00:20:03.839198: W scikitplot.cleanprompt._scale 140164961955968 probe_scale.py:124:<module>] record about <redacted>
2026-10-10 00:20:03.839247: W scikitplot.cleanprompt._scale 140164961955968 probe_scale.py:124:<module>] record about <redacted>
2026-10-10 00:20:03.839293: W scikitplot.cleanprompt._scale 140164961955968 probe_scale.py:124:<module>] record about <redacted>
2026-10-10 00:20:03.839340: W scikitplot.cleanprompt._scale 140164961955968 probe_scale.py:124:<module>] record about <redacted>
2026-10-10 00:20:03.839386: W scikitplot.cleanprompt._scale 140164961955968 probe_scale.py:124:<module>] record about <redacted>
2026-10-10 00:20:03.839434: W scikitplot.cleanprompt._scale 140164961955968 probe_scale.py:124:<module>] record about <redacted>
2026-10-10 00:20:03.839481: W scikitplot.cleanprompt._scale 140164961955968 probe_scale.py:124:<module>] record about <redacted>
2026-10-10 00:20:03.839526: W scikitplot.cleanprompt._scale 140164961955968 probe_scale.py:124:<module>] record about <redacted>
2026-10-10 00:20:03.839572: W scikitplot.cleanprompt._scale 140164961955968 probe_scale.py:124:<module>] record about <redacted>
2026-10-10 00:20:03.839654: W scikitplot.cleanprompt._scale 140164961955968 probe_scale.py:124:<module>] record about <redacted>
2026-10-10 00:20:03.839709: W scikitplot.cleanprompt._scale 140164961955968 probe_scale.py:124:<module>] record about <redacted>
2026-10-10 00:20:03.839756: W scikitplot.cleanprompt._scale 140164961955968 probe_scale.py:124:<module>] record about <redacted>
2026-10-10 00:20:03.839804: W scikitplot.cleanprompt._scale 140164961955968 probe_scale.py:124:<module>] record about <redacted>
2026-10-10 00:20:03.839853: W scikitplot.cleanprompt._scale 140164961955968 probe_scale.py:124:<module>] record about <redacted>
2026-10-10 00:20:03.839902: W scikitplot.cleanprompt._scale 140164961955968 probe_scale.py:124:<module>] record about <redacted>
2026-10-10 00:20:03.839949: W scikitplot.cleanprompt._scale 140164961955968 probe_scale.py:124:<module>] record about <redacted>
2026-10-10 00:20:03.839995: W scikitplot.cleanprompt._scale 140164961955968 probe_scale.py:124:<module>] record about <redacted>
2026-10-10 00:20:03.840042: W scikitplot.cleanprompt._scale 140164961955968 probe_scale.py:124:<module>] record about <redacted>
2026-10-10 00:20:03.840090: W scikitplot.cleanprompt._scale 140164961955968 probe_scale.py:124:<module>] record about <redacted>
2026-10-10 00:20:03.840138: W scikitplot.cleanprompt._scale 140164961955968 probe_scale.py:124:<module>] record about <redacted>
2026-10-10 00:20:03.840193: W scikitplot.cleanprompt._scale 140164961955968 probe_scale.py:124:<module>] record about <redacted>
2026-10-10 00:20:03.840240: W scikitplot.cleanprompt._scale 140164961955968 probe_scale.py:124:<module>] record about <redacted>
2026-10-10 00:20:03.840287: W scikitplot.cleanprompt._scale 140164961955968 probe_scale.py:124:<module>] record about <redacted>
2026-10-10 00:20:03.840336: W scikitplot.cleanprompt._scale 140164961955968 probe_scale.py:124:<module>] record about <redacted>
2026-10-10 00:20:03.840382: W scikitplot.cleanprompt._scale 140164961955968 probe_scale.py:124:<module>] record about <redacted>
2026-10-10 00:20:03.840431: W scikitplot.cleanprompt._scale 140164961955968 probe_scale.py:124:<module>] record about <redacted>
2026-10-10 00:20:03.840478: W scikitplot.cleanprompt._scale 140164961955968 probe_scale.py:124:<module>] record about <redacted>
2026-10-10 00:20:03.840533: W scikitplot.cleanprompt._scale 140164961955968 probe_scale.py:124:<module>] record about <redacted>
2026-10-10 00:20:03.840582: W scikitplot.cleanprompt._scale 140164961955968 probe_scale.py:124:<module>] record about <redacted>
2026-10-10 00:20:03.840688: W scikitplot.cleanprompt._scale 140164961955968 probe_scale.py:124:<module>] record about <redacted>
2026-10-10 00:20:03.840739: W scikitplot.cleanprompt._scale 140164961955968 probe_scale.py:124:<module>] record about <redacted>
2026-10-10 00:20:03.840787: W scikitplot.cleanprompt._scale 140164961955968 probe_scale.py:124:<module>] record about <redacted>
2026-10-10 00:20:03.840835: W scikitplot.cleanprompt._scale 140164961955968 probe_scale.py:124:<module>] record about <redacted>
2026-10-10 00:20:03.840897: W scikitplot.cleanprompt._scale 140164961955968 probe_scale.py:124:<module>] record about <redacted>
2026-10-10 00:20:03.840945: W scikitplot.cleanprompt._scale 140164961955968 probe_scale.py:124:<module>] record about <redacted>
2026-10-10 00:20:03.840993: W scikitplot.cleanprompt._scale 140164961955968 probe_scale.py:124:<module>] record about <redacted>
2026-10-10 00:20:03.841040: W scikitplot.cleanprompt._scale 140164961955968 probe_scale.py:124:<module>] record about <redacted>
2026-10-10 00:20:03.841088: W scikitplot.cleanprompt._scale 140164961955968 probe_scale.py:124:<module>] record about <redacted>
2026-10-10 00:20:03.841135: W scikitplot.cleanprompt._scale 140164961955968 probe_scale.py:124:<module>] record about <redacted>
2026-10-10 00:20:03.841189: W scikitplot.cleanprompt._scale 140164961955968 probe_scale.py:124:<module>] record about <redacted>
2026-10-10 00:20:03.841238: W scikitplot.cleanprompt._scale 140164961955968 probe_scale.py:124:<module>] record about <redacted>
2026-10-10 00:20:03.841285: W scikitplot.cleanprompt._scale 140164961955968 probe_scale.py:124:<module>] record about <redacted>
2026-10-10 00:20:03.841331: W scikitplot.cleanprompt._scale 140164961955968 probe_scale.py:124:<module>] record about <redacted>
2026-10-10 00:20:03.841378: W scikitplot.cleanprompt._scale 140164961955968 probe_scale.py:124:<module>] record about <redacted>
2026-10-10 00:20:03.841429: W scikitplot.cleanprompt._scale 140164961955968 probe_scale.py:124:<module>] record about <redacted>
2026-10-10 00:20:03.841479: W scikitplot.cleanprompt._scale 140164961955968 probe_scale.py:124:<module>] record about <redacted>
2026-10-10 00:20:03.841524: W scikitplot.cleanprompt._scale 140164961955968 probe_scale.py:124:<module>] record about <redacted>
2026-10-10 00:20:03.841573: W scikitplot.cleanprompt._scale 140164961955968 probe_scale.py:124:<module>] record about <redacted>
2026-10-10 00:20:03.841653: W scikitplot.cleanprompt._scale 140164961955968 probe_scale.py:124:<module>] record about <redacted>
2026-10-10 00:20:03.841707: W scikitplot.cleanprompt._scale 140164961955968 probe_scale.py:124:<module>] record about <redacted>
2026-10-10 00:20:03.841755: W scikitplot.cleanprompt._scale 140164961955968 probe_scale.py:124:<module>] record about <redacted>
2026-10-10 00:20:03.841801: W scikitplot.cleanprompt._scale 140164961955968 probe_scale.py:124:<module>] record about <redacted>
2026-10-10 00:20:03.841848: W scikitplot.cleanprompt._scale 140164961955968 probe_scale.py:124:<module>] record about <redacted>
2026-10-10 00:20:03.841896: W scikitplot.cleanprompt._scale 140164961955968 probe_scale.py:124:<module>] record about <redacted>
2026-10-10 00:20:03.841951: W scikitplot.cleanprompt._scale 140164961955968 probe_scale.py:124:<module>] record about <redacted>
2026-10-10 00:20:03.842188: W scikitplot.cleanprompt._scale 140164961955968 probe_scale.py:124:<module>] record about <redacted>
2026-10-10 00:20:03.842371: W scikitplot.cleanprompt._scale 140164961955968 probe_scale.py:124:<module>] record about <redacted>
2026-10-10 00:20:03.842507: W scikitplot.cleanprompt._scale 140164961955968 probe_scale.py:124:<module>] record about <redacted>
2026-10-10 00:20:03.842763: W scikitplot.cleanprompt._scale 140164961955968 probe_scale.py:124:<module>] record about <redacted>
2026-10-10 00:20:03.842917: W scikitplot.cleanprompt._scale 140164961955968 probe_scale.py:124:<module>] record about <redacted>
2026-10-10 00:20:03.843090: W scikitplot.cleanprompt._scale 140164961955968 probe_scale.py:124:<module>] record about <redacted>
2026-10-10 00:20:03.843263: W scikitplot.cleanprompt._scale 140164961955968 probe_scale.py:124:<module>] record about <redacted>
2026-10-10 00:20:03.843399: W scikitplot.cleanprompt._scale 140164961955968 probe_scale.py:124:<module>] record about <redacted>
2026-10-10 00:20:03.843565: W scikitplot.cleanprompt._scale 140164961955968 probe_scale.py:124:<module>] record about <redacted>
2026-10-10 00:20:03.843744: W scikitplot.cleanprompt._scale 140164961955968 probe_scale.py:124:<module>] record about <redacted>
2026-10-10 00:20:03.843880: W scikitplot.cleanprompt._scale 140164961955968 probe_scale.py:124:<module>] record about <redacted>
2026-10-10 00:20:03.844042: W scikitplot.cleanprompt._scale 140164961955968 probe_scale.py:124:<module>] record about <redacted>
2026-10-10 00:20:03.844186: W scikitplot.cleanprompt._scale 140164961955968 probe_scale.py:124:<module>] record about <redacted>
2026-10-10 00:20:03.844361: W scikitplot.cleanprompt._scale 140164961955968 probe_scale.py:124:<module>] record about <redacted>
2026-10-10 00:20:03.844494: W scikitplot.cleanprompt._scale 140164961955968 probe_scale.py:124:<module>] record about <redacted>
2026-10-10 00:20:03.844676: W scikitplot.cleanprompt._scale 140164961955968 probe_scale.py:124:<module>] record about <redacted>
2026-10-10 00:20:03.844839: W scikitplot.cleanprompt._scale 140164961955968 probe_scale.py:124:<module>] record about <redacted>
2026-10-10 00:20:03.844974: W scikitplot.cleanprompt._scale 140164961955968 probe_scale.py:124:<module>] record about <redacted>
2026-10-10 00:20:03.845137: W scikitplot.cleanprompt._scale 140164961955968 probe_scale.py:124:<module>] record about <redacted>
2026-10-10 00:20:03.845277: W scikitplot.cleanprompt._scale 140164961955968 probe_scale.py:124:<module>] record about <redacted>
2026-10-10 00:20:03.845439: W scikitplot.cleanprompt._scale 140164961955968 probe_scale.py:124:<module>] record about <redacted>
2026-10-10 00:20:03.845573: W scikitplot.cleanprompt._scale 140164961955968 probe_scale.py:124:<module>] record about <redacted>
2026-10-10 00:20:03.845755: W scikitplot.cleanprompt._scale 140164961955968 probe_scale.py:124:<module>] record about <redacted>
2026-10-10 00:20:03.845920: W scikitplot.cleanprompt._scale 140164961955968 probe_scale.py:124:<module>] record about <redacted>
2026-10-10 00:20:03.846058: W scikitplot.cleanprompt._scale 140164961955968 probe_scale.py:124:<module>] record about <redacted>
2026-10-10 00:20:03.846234: W scikitplot.cleanprompt._scale 140164961955968 probe_scale.py:124:<module>] record about <redacted>
2026-10-10 00:20:03.846402: W scikitplot.cleanprompt._scale 140164961955968 probe_scale.py:124:<module>] record about <redacted>
2026-10-10 00:20:03.846539: W scikitplot.cleanprompt._scale 140164961955968 probe_scale.py:124:<module>] record about <redacted>
2026-10-10 00:20:03.846798: W scikitplot.cleanprompt._scale 140164961955968 probe_scale.py:124:<module>] record about <redacted>
2026-10-10 00:20:03.846967: W scikitplot.cleanprompt._scale 140164961955968 probe_scale.py:124:<module>] record about <redacted>
2026-10-10 00:20:03.847098: W scikitplot.cleanprompt._scale 140164961955968 probe_scale.py:124:<module>] record about <redacted>
2026-10-10 00:20:03.847260: W scikitplot.cleanprompt._scale 140164961955968 probe_scale.py:124:<module>] record about <redacted>
2026-10-10 00:20:03.847347: W scikitplot.cleanprompt._scale 140164961955968 probe_scale.py:124:<module>] record about <redacted>
2026-10-10 00:20:03.847464: W scikitplot.cleanprompt._scale 140164961955968 probe_scale.py:124:<module>] record about <redacted>
2026-10-10 00:20:03.847532: W scikitplot.cleanprompt._scale 140164961955968 probe_scale.py:124:<module>] record about <redacted>
2026-10-10 00:20:03.847591: W scikitplot.cleanprompt._scale 140164961955968 probe_scale.py:124:<module>] record about <redacted>
2026-10-10 00:20:03.847744: W scikitplot.cleanprompt._scale 140164961955968 probe_scale.py:124:<module>] record about <redacted>
2026-10-10 00:20:03.847802: W scikitplot.cleanprompt._scale 140164961955968 probe_scale.py:124:<module>] record about <redacted>
2026-10-10 00:20:03.847855: W scikitplot.cleanprompt._scale 140164961955968 probe_scale.py:124:<module>] record about <redacted>
2026-10-10 00:20:03.847906: W scikitplot.cleanprompt._scale 140164961955968 probe_scale.py:124:<module>] record about <redacted>
2026-10-10 00:20:03.847959: W scikitplot.cleanprompt._scale 140164961955968 probe_scale.py:124:<module>] record about <redacted>
2026-10-10 00:20:03.848010: W scikitplot.cleanprompt._scale 140164961955968 probe_scale.py:124:<module>] record about <redacted>
2026-10-10 00:20:03.848135: W scikitplot.cleanprompt._scale 140164961955968 probe_scale.py:124:<module>] record about <redacted>
2026-10-10 00:20:03.848200: W scikitplot.cleanprompt._scale 140164961955968 probe_scale.py:124:<module>] record about <redacted>
2026-10-10 00:20:03.848254: W scikitplot.cleanprompt._scale 140164961955968 probe_scale.py:124:<module>] record about <redacted>
2026-10-10 00:20:03.848302: W scikitplot.cleanprompt._scale 140164961955968 probe_scale.py:124:<module>] record about <redacted>
2026-10-10 00:20:03.848354: W scikitplot.cleanprompt._scale 140164961955968 probe_scale.py:124:<module>] record about <redacted>
2026-10-10 00:20:03.848402: W scikitplot.cleanprompt._scale 140164961955968 probe_scale.py:124:<module>] record about <redacted>
2026-10-10 00:20:03.848453: W scikitplot.cleanprompt._scale 140164961955968 probe_scale.py:124:<module>] record about <redacted>
2026-10-10 00:20:03.848500: W scikitplot.cleanprompt._scale 140164961955968 probe_scale.py:124:<module>] record about <redacted>
2026-10-10 00:20:03.848552: W scikitplot.cleanprompt._scale 140164961955968 probe_scale.py:124:<module>] record about <redacted>
2026-10-10 00:20:03.848632: W scikitplot.cleanprompt._scale 140164961955968 probe_scale.py:124:<module>] record about <redacted>
2026-10-10 00:20:03.848710: W scikitplot.cleanprompt._scale 140164961955968 probe_scale.py:124:<module>] record about <redacted>
2026-10-10 00:20:03.848814: W scikitplot.cleanprompt._scale 140164961955968 probe_scale.py:124:<module>] record about <redacted>
2026-10-10 00:20:03.848902: W scikitplot.cleanprompt._scale 140164961955968 probe_scale.py:124:<module>] record about <redacted>
2026-10-10 00:20:03.848956: W scikitplot.cleanprompt._scale 140164961955968 probe_scale.py:124:<module>] record about <redacted>
2026-10-10 00:20:03.849007: W scikitplot.cleanprompt._scale 140164961955968 probe_scale.py:124:<module>] record about <redacted>
2026-10-10 00:20:03.849055: W scikitplot.cleanprompt._scale 140164961955968 probe_scale.py:124:<module>] record about <redacted>
2026-10-10 00:20:03.849105: W scikitplot.cleanprompt._scale 140164961955968 probe_scale.py:124:<module>] record about <redacted>
2026-10-10 00:20:03.849163: W scikitplot.cleanprompt._scale 140164961955968 probe_scale.py:124:<module>] record about <redacted>
2026-10-10 00:20:03.849213: W scikitplot.cleanprompt._scale 140164961955968 probe_scale.py:124:<module>] record about <redacted>
2026-10-10 00:20:03.849265: W scikitplot.cleanprompt._scale 140164961955968 probe_scale.py:124:<module>] record about <redacted>
2026-10-10 00:20:03.849318: W scikitplot.cleanprompt._scale 140164961955968 probe_scale.py:124:<module>] record about <redacted>
2026-10-10 00:20:03.849368: W scikitplot.cleanprompt._scale 140164961955968 probe_scale.py:124:<module>] record about <redacted>
2026-10-10 00:20:03.849418: W scikitplot.cleanprompt._scale 140164961955968 probe_scale.py:124:<module>] record about <redacted>
2026-10-10 00:20:03.849468: W scikitplot.cleanprompt._scale 140164961955968 probe_scale.py:124:<module>] record about <redacted>
2026-10-10 00:20:03.849518: W scikitplot.cleanprompt._scale 140164961955968 probe_scale.py:124:<module>] record about <redacted>
2026-10-10 00:20:03.849576: W scikitplot.cleanprompt._scale 140164961955968 probe_scale.py:124:<module>] record about <redacted>
2026-10-10 00:20:03.849688: W scikitplot.cleanprompt._scale 140164961955968 probe_scale.py:124:<module>] record about <redacted>
2026-10-10 00:20:03.849750: W scikitplot.cleanprompt._scale 140164961955968 probe_scale.py:124:<module>] record about <redacted>
2026-10-10 00:20:03.849803: W scikitplot.cleanprompt._scale 140164961955968 probe_scale.py:124:<module>] record about <redacted>
2026-10-10 00:20:03.849851: W scikitplot.cleanprompt._scale 140164961955968 probe_scale.py:124:<module>] record about <redacted>
2026-10-10 00:20:03.849900: W scikitplot.cleanprompt._scale 140164961955968 probe_scale.py:124:<module>] record about <redacted>
2026-10-10 00:20:03.849951: W scikitplot.cleanprompt._scale 140164961955968 probe_scale.py:124:<module>] record about <redacted>
2026-10-10 00:20:03.850000: W scikitplot.cleanprompt._scale 140164961955968 probe_scale.py:124:<module>] record about <redacted>
2026-10-10 00:20:03.850050: W scikitplot.cleanprompt._scale 140164961955968 probe_scale.py:124:<module>] record about <redacted>
2026-10-10 00:20:03.850100: W scikitplot.cleanprompt._scale 140164961955968 probe_scale.py:124:<module>] record about <redacted>
2026-10-10 00:20:03.850214: W scikitplot.cleanprompt._scale 140164961955968 probe_scale.py:124:<module>] record about <redacted>
2026-10-10 00:20:03.850285: W scikitplot.cleanprompt._scale 140164961955968 probe_scale.py:124:<module>] record about <redacted>
2026-10-10 00:20:03.850337: W scikitplot.cleanprompt._scale 140164961955968 probe_scale.py:124:<module>] record about <redacted>
2026-10-10 00:20:03.850386: W scikitplot.cleanprompt._scale 140164961955968 probe_scale.py:124:<module>] record about <redacted>
2026-10-10 00:20:03.850437: W scikitplot.cleanprompt._scale 140164961955968 probe_scale.py:124:<module>] record about <redacted>
2026-10-10 00:20:03.850486: W scikitplot.cleanprompt._scale 140164961955968 probe_scale.py:124:<module>] record about <redacted>
2026-10-10 00:20:03.850532: W scikitplot.cleanprompt._scale 140164961955968 probe_scale.py:124:<module>] record about <redacted>
2026-10-10 00:20:03.850581: W scikitplot.cleanprompt._scale 140164961955968 probe_scale.py:124:<module>] record about <redacted>
2026-10-10 00:20:03.850678: W scikitplot.cleanprompt._scale 140164961955968 probe_scale.py:124:<module>] record about <redacted>
2026-10-10 00:20:03.850784: W scikitplot.cleanprompt._scale 140164961955968 probe_scale.py:124:<module>] record about <redacted>
2026-10-10 00:20:03.850838: W scikitplot.cleanprompt._scale 140164961955968 probe_scale.py:124:<module>] record about <redacted>
2026-10-10 00:20:03.850890: W scikitplot.cleanprompt._scale 140164961955968 probe_scale.py:124:<module>] record about <redacted>
2026-10-10 00:20:03.850940: W scikitplot.cleanprompt._scale 140164961955968 probe_scale.py:124:<module>] record about <redacted>
2026-10-10 00:20:03.850990: W scikitplot.cleanprompt._scale 140164961955968 probe_scale.py:124:<module>] record about <redacted>
2026-10-10 00:20:03.851037: W scikitplot.cleanprompt._scale 140164961955968 probe_scale.py:124:<module>] record about <redacted>
2026-10-10 00:20:03.851087: W scikitplot.cleanprompt._scale 140164961955968 probe_scale.py:124:<module>] record about <redacted>
2026-10-10 00:20:03.851141: W scikitplot.cleanprompt._scale 140164961955968 probe_scale.py:124:<module>] record about <redacted>
2026-10-10 00:20:03.851198: W scikitplot.cleanprompt._scale 140164961955968 probe_scale.py:124:<module>] record about <redacted>
2026-10-10 00:20:03.851249: W scikitplot.cleanprompt._scale 140164961955968 probe_scale.py:124:<module>] record about <redacted>
2026-10-10 00:20:03.851299: W scikitplot.cleanprompt._scale 140164961955968 probe_scale.py:124:<module>] record about <redacted>
2026-10-10 00:20:03.851348: W scikitplot.cleanprompt._scale 140164961955968 probe_scale.py:124:<module>] record about <redacted>
2026-10-10 00:20:03.851396: W scikitplot.cleanprompt._scale 140164961955968 probe_scale.py:124:<module>] record about <redacted>
2026-10-10 00:20:03.851454: W scikitplot.cleanprompt._scale 140164961955968 probe_scale.py:124:<module>] record about <redacted>
2026-10-10 00:20:03.851507: W scikitplot.cleanprompt._scale 140164961955968 probe_scale.py:124:<module>] record about <redacted>
2026-10-10 00:20:03.851558: W scikitplot.cleanprompt._scale 140164961955968 probe_scale.py:124:<module>] record about <redacted>
2026-10-10 00:20:03.851639: W scikitplot.cleanprompt._scale 140164961955968 probe_scale.py:124:<module>] record about <redacted>
2026-10-10 00:20:03.851702: W scikitplot.cleanprompt._scale 140164961955968 probe_scale.py:124:<module>] record about <redacted>
2026-10-10 00:20:03.851754: W scikitplot.cleanprompt._scale 140164961955968 probe_scale.py:124:<module>] record about <redacted>
2026-10-10 00:20:03.851803: W scikitplot.cleanprompt._scale 140164961955968 probe_scale.py:124:<module>] record about <redacted>
2026-10-10 00:20:03.851853: W scikitplot.cleanprompt._scale 140164961955968 probe_scale.py:124:<module>] record about <redacted>
2026-10-10 00:20:03.851901: W scikitplot.cleanprompt._scale 140164961955968 probe_scale.py:124:<module>] record about <redacted>
2026-10-10 00:20:03.851955: W scikitplot.cleanprompt._scale 140164961955968 probe_scale.py:124:<module>] record about <redacted>
2026-10-10 00:20:03.852003: W scikitplot.cleanprompt._scale 140164961955968 probe_scale.py:124:<module>] record about <redacted>
2026-10-10 00:20:03.852052: W scikitplot.cleanprompt._scale 140164961955968 probe_scale.py:124:<module>] record about <redacted>
2026-10-10 00:20:03.852100: W scikitplot.cleanprompt._scale 140164961955968 probe_scale.py:124:<module>] record about <redacted>
2026-10-10 00:20:03.852153: W scikitplot.cleanprompt._scale 140164961955968 probe_scale.py:124:<module>] record about <redacted>
2026-10-10 00:20:03.852205: W scikitplot.cleanprompt._scale 140164961955968 probe_scale.py:124:<module>] record about <redacted>
2026-10-10 00:20:03.852253: W scikitplot.cleanprompt._scale 140164961955968 probe_scale.py:124:<module>] record about <redacted>
2026-10-10 00:20:03.852302: W scikitplot.cleanprompt._scale 140164961955968 probe_scale.py:124:<module>] record about <redacted>
2026-10-10 00:20:03.852351: W scikitplot.cleanprompt._scale 140164961955968 probe_scale.py:124:<module>] record about <redacted>
2026-10-10 00:20:03.852399: W scikitplot.cleanprompt._scale 140164961955968 probe_scale.py:124:<module>] record about <redacted>
2026-10-10 00:20:03.852447: W scikitplot.cleanprompt._scale 140164961955968 probe_scale.py:124:<module>] record about <redacted>
2026-10-10 00:20:03.852495: W scikitplot.cleanprompt._scale 140164961955968 probe_scale.py:124:<module>] record about <redacted>
2026-10-10 00:20:03.852546: W scikitplot.cleanprompt._scale 140164961955968 probe_scale.py:124:<module>] record about <redacted>
2026-10-10 00:20:03.852593: W scikitplot.cleanprompt._scale 140164961955968 probe_scale.py:124:<module>] record about <redacted>
2026-10-10 00:20:03.852681: W scikitplot.cleanprompt._scale 140164961955968 probe_scale.py:124:<module>] record about <redacted>
2026-10-10 00:20:03.852736: W scikitplot.cleanprompt._scale 140164961955968 probe_scale.py:124:<module>] record about <redacted>
2026-10-10 00:20:03.852789: W scikitplot.cleanprompt._scale 140164961955968 probe_scale.py:124:<module>] record about <redacted>
2026-10-10 00:20:03.852907: W scikitplot.cleanprompt._scale 140164961955968 probe_scale.py:124:<module>] record about <redacted>
2026-10-10 00:20:03.852965: W scikitplot.cleanprompt._scale 140164961955968 probe_scale.py:124:<module>] record about <redacted>
2026-10-10 00:20:03.853014: W scikitplot.cleanprompt._scale 140164961955968 probe_scale.py:124:<module>] record about <redacted>
2026-10-10 00:20:03.853061: W scikitplot.cleanprompt._scale 140164961955968 probe_scale.py:124:<module>] record about <redacted>
2026-10-10 00:20:03.853108: W scikitplot.cleanprompt._scale 140164961955968 probe_scale.py:124:<module>] record about <redacted>
2026-10-10 00:20:03.853163: W scikitplot.cleanprompt._scale 140164961955968 probe_scale.py:124:<module>] record about <redacted>
2026-10-10 00:20:03.853219: W scikitplot.cleanprompt._scale 140164961955968 probe_scale.py:124:<module>] record about <redacted>
2026-10-10 00:20:03.853268: W scikitplot.cleanprompt._scale 140164961955968 probe_scale.py:124:<module>] record about <redacted>
2026-10-10 00:20:03.853316: W scikitplot.cleanprompt._scale 140164961955968 probe_scale.py:124:<module>] record about <redacted>
2026-10-10 00:20:03.853364: W scikitplot.cleanprompt._scale 140164961955968 probe_scale.py:124:<module>] record about <redacted>
2026-10-10 00:20:03.853410: W scikitplot.cleanprompt._scale 140164961955968 probe_scale.py:124:<module>] record about <redacted>
2026-10-10 00:20:03.853460: W scikitplot.cleanprompt._scale 140164961955968 probe_scale.py:124:<module>] record about <redacted>
2026-10-10 00:20:03.853508: W scikitplot.cleanprompt._scale 140164961955968 probe_scale.py:124:<module>] record about <redacted>
2026-10-10 00:20:03.853555: W scikitplot.cleanprompt._scale 140164961955968 probe_scale.py:124:<module>] record about <redacted>
2026-10-10 00:20:03.853636: W scikitplot.cleanprompt._scale 140164961955968 probe_scale.py:124:<module>] record about <redacted>
2026-10-10 00:20:03.853711: W scikitplot.cleanprompt._scale 140164961955968 probe_scale.py:124:<module>] record about <redacted>
2026-10-10 00:20:03.853763: W scikitplot.cleanprompt._scale 140164961955968 probe_scale.py:124:<module>] record about <redacted>
2026-10-10 00:20:03.853812: W scikitplot.cleanprompt._scale 140164961955968 probe_scale.py:124:<module>] record about <redacted>
2026-10-10 00:20:03.853861: W scikitplot.cleanprompt._scale 140164961955968 probe_scale.py:124:<module>] record about <redacted>
2026-10-10 00:20:03.853909: W scikitplot.cleanprompt._scale 140164961955968 probe_scale.py:124:<module>] record about <redacted>
2026-10-10 00:20:03.853958: W scikitplot.cleanprompt._scale 140164961955968 probe_scale.py:124:<module>] record about <redacted>
2026-10-10 00:20:03.854006: W scikitplot.cleanprompt._scale 140164961955968 probe_scale.py:124:<module>] record about <redacted>
2026-10-10 00:20:03.854055: W scikitplot.cleanprompt._scale 140164961955968 probe_scale.py:124:<module>] record about <redacted>
2026-10-10 00:20:03.854103: W scikitplot.cleanprompt._scale 140164961955968 probe_scale.py:124:<module>] record about <redacted>
2026-10-10 00:20:03.854159: W scikitplot.cleanprompt._scale 140164961955968 probe_scale.py:124:<module>] record about <redacted>
2026-10-10 00:20:03.854208: W scikitplot.cleanprompt._scale 140164961955968 probe_scale.py:124:<module>] record about <redacted>
2026-10-10 00:20:03.854257: W scikitplot.cleanprompt._scale 140164961955968 probe_scale.py:124:<module>] record about <redacted>
2026-10-10 00:20:03.854305: W scikitplot.cleanprompt._scale 140164961955968 probe_scale.py:124:<module>] record about <redacted>
2026-10-10 00:20:03.854353: W scikitplot.cleanprompt._scale 140164961955968 probe_scale.py:124:<module>] record about <redacted>
2026-10-10 00:20:03.854402: W scikitplot.cleanprompt._scale 140164961955968 probe_scale.py:124:<module>] record about <redacted>
2026-10-10 00:20:03.854450: W scikitplot.cleanprompt._scale 140164961955968 probe_scale.py:124:<module>] record about <redacted>
2026-10-10 00:20:03.854496: W scikitplot.cleanprompt._scale 140164961955968 probe_scale.py:124:<module>] record about <redacted>
2026-10-10 00:20:03.854544: W scikitplot.cleanprompt._scale 140164961955968 probe_scale.py:124:<module>] record about <redacted>
2026-10-10 00:20:03.854591: W scikitplot.cleanprompt._scale 140164961955968 probe_scale.py:124:<module>] record about <redacted>
2026-10-10 00:20:03.854714: W scikitplot.cleanprompt._scale 140164961955968 probe_scale.py:124:<module>] record about <redacted>
2026-10-10 00:20:03.854783: W scikitplot.cleanprompt._scale 140164961955968 probe_scale.py:124:<module>] record about <redacted>
2026-10-10 00:20:03.854837: W scikitplot.cleanprompt._scale 140164961955968 probe_scale.py:124:<module>] record about <redacted>
2026-10-10 00:20:03.854905: W scikitplot.cleanprompt._scale 140164961955968 probe_scale.py:124:<module>] record about <redacted>
2026-10-10 00:20:03.854955: W scikitplot.cleanprompt._scale 140164961955968 probe_scale.py:124:<module>] record about <redacted>
2026-10-10 00:20:03.855011: W scikitplot.cleanprompt._scale 140164961955968 probe_scale.py:124:<module>] record about <redacted>
2026-10-10 00:20:03.855064: W scikitplot.cleanprompt._scale 140164961955968 probe_scale.py:124:<module>] record about <redacted>
2026-10-10 00:20:03.855119: W scikitplot.cleanprompt._scale 140164961955968 probe_scale.py:124:<module>] record about <redacted>
2026-10-10 00:20:03.855184: W scikitplot.cleanprompt._scale 140164961955968 probe_scale.py:124:<module>] record about <redacted>
2026-10-10 00:20:03.855237: W scikitplot.cleanprompt._scale 140164961955968 probe_scale.py:124:<module>] record about <redacted>
2026-10-10 00:20:03.855285: W scikitplot.cleanprompt._scale 140164961955968 probe_scale.py:124:<module>] record about <redacted>
2026-10-10 00:20:03.855333: W scikitplot.cleanprompt._scale 140164961955968 probe_scale.py:124:<module>] record about <redacted>
create 5000 holders                          PASS 0.01s
2000 records against 125997 held values      PASS 0.11s
no held value reached the log                PASS

==============================================================================
4. Streamed decoding: a long surrogate reply in 5-character chunks
==============================================================================
29592 chars in 5-char chunks equals the whole PASS 0.74s
streamed decode under 3 s (was 3.44 s in v18) PASS 0.74s

TOTAL FAILURES: 0
EXIT=0
